,datetime,open,high,low,close,volume
0,2019-09-08,10000.0,10412.65,10000.0,10391.63,3096.291
1,2019-09-09,10316.62,10475.54,10077.22,10307.0,14824.373
2,2019-09-10,10307.0,10382.97,9940.87,10102.02,9068.955
3,2019-09-11,10094.27,10293.11,9884.31,10159.55,10897.922
4,2019-09-12,10163.06,10450.13,10042.12,10415.13,15609.634
5,2019-09-13,10414.96,10440.55,10153.51,10341.34,19252.721
6,2019-09-14,10343.01,10419.97,10222.77,10332.25,20656.624
7,2019-09-15,10333.47,10359.2,10024.81,10302.22,20536.255
8,2019-09-16,10302.0,10353.81,10080.7,10249.27,20185.637
9,2019-09-17,10257.3,10270.63,10136.77,10186.52,22519.607
10,2019-09-18,10183.87,10256.65,10097.92,10155.16,20832.895
11,2019-09-19,10154.7,10331.62,9530.02,10245.3,26228.754
12,2019-09-20,10247.7,10279.3,10070.5,10166.35,23265.91
13,2019-09-21,10166.56,10175.3,9912.63,9983.33,23642.387
14,2019-09-22,9992.7,10089.52,9857.0,10023.04,23916.354
15,2019-09-23,10027.69,10046.91,9620.0,9701.96,31927.062
16,2019-09-24,9701.1,9792.83,8645.61,8645.61,29758.535
17,2019-09-25,8493.32,8725.24,8200.0,8430.07,48222.102
18,2019-09-26,8428.15,8464.4,7700.67,8060.15,60065.945
19,2019-09-27,8061.98,8260.0,7851.94,8176.52,40034.653
20,2019-09-28,8178.26,8311.0,8001.14,8195.38,33820.919
21,2019-09-29,8199.0,8226.35,7888.98,8041.96,35966.056
22,2019-09-30,8042.08,8331.89,7709.01,8285.84,54412.52
23,2019-10-01,8285.31,8499.0,8171.0,8290.0,39212.804
24,2019-10-02,8290.0,8365.92,8149.35,8352.14,30329.179
25,2019-10-03,8353.4,8386.0,8020.0,8220.27,33430.23
26,2019-10-04,8219.95,8227.42,7979.95,8130.56,28421.111
27,2019-10-05,8130.0,8175.0,8010.0,8122.14,30262.006
28,2019-10-06,8122.01,8148.43,7760.0,7852.79,41909.039
29,2019-10-07,7851.01,8330.0,7764.42,8186.88,62760.299
30,2019-10-08,8188.55,8322.01,8103.88,8167.62,44715.165
31,2019-10-09,8168.33,8700.0,8113.0,8559.77,65453.643
32,2019-10-10,8559.77,8640.89,8419.34,8556.02,44285.668
33,2019-10-11,8557.0,8788.0,8210.0,8255.58,69157.964
34,2019-10-12,8255.54,8397.45,8248.34,8300.22,37761.514
35,2019-10-13,8300.31,8456.0,8137.3,8274.66,43820.913
36,2019-10-14,8274.33,8381.77,8205.02,8346.05,61999.821
37,2019-10-15,8346.31,8408.62,8080.0,8160.01,86246.749
38,2019-10-16,8160.55,8184.0,7900.24,7992.21,70434.452
39,2019-10-17,7994.76,8124.63,7930.0,8069.2,58354.602
40,2019-10-18,8069.41,8117.3,7812.0,7943.94,75251.352
41,2019-10-19,7945.57,8108.54,7852.12,7947.13,78024.395
42,2019-10-20,7947.78,8300.5,7871.17,8218.23,78663.915
43,2019-10-21,8218.23,8334.57,8150.0,8201.74,59928.516
44,2019-10-22,8201.0,8290.0,8000.0,8020.89,69506.88
45,2019-10-23,8020.68,8047.78,7172.76,7465.0,108484.139
46,2019-10-24,7465.18,7495.81,7337.44,7411.35,66719.534
47,2019-10-25,7410.07,8800.0,7359.0,8650.0,165118.926
48,2019-10-26,8650.0,10408.48,8626.89,9232.22,248161.161
49,2019-10-27,9234.75,9803.83,9066.07,9533.32,163544.019
50,2019-10-28,9534.37,9930.13,9156.03,9217.36,155599.975
51,2019-10-29,9215.78,9569.1,9070.0,9415.02,124703.014
52,2019-10-30,9415.02,9418.65,8975.72,9165.3,98464.858
53,2019-10-31,9163.4,9438.64,8933.0,9150.0,98836.044
54,2019-11-01,9149.88,9280.0,9050.27,9231.01,87256.949
55,2019-11-02,9231.7,9375.0,9194.98,9287.8,56602.055
56,2019-11-03,9288.96,9366.69,9073.0,9197.88,75612.722
57,2019-11-04,9197.86,9550.0,9126.01,9395.46,90433.357
58,2019-11-05,9395.47,9457.13,9164.33,9313.2,113738.226
59,2019-11-06,9313.1,9450.0,9259.48,9343.6,73767.911
60,2019-11-07,9344.29,9381.93,9091.2,9219.64,77389.569
61,2019-11-08,9221.63,9259.3,8669.85,8775.03,151851.16
62,2019-11-09,8775.6,8878.0,8727.0,8811.15,66846.392
63,2019-11-10,8811.3,9187.0,8760.0,9041.31,91099.197
64,2019-11-11,9041.31,9072.91,8611.11,8728.93,113373.762
65,2019-11-12,8729.89,8889.06,8552.12,8817.0,107520.546
66,2019-11-13,8817.94,8838.0,8712.0,8774.76,58585.811
67,2019-11-14,8774.78,8798.06,8581.39,8642.25,87099.995
68,2019-11-15,8642.47,8780.0,8380.0,8473.27,145602.497
69,2019-11-16,8473.3,8540.54,8435.0,8491.06,48657.04
70,2019-11-17,8491.18,8631.0,8355.78,8504.04,72152.266
71,2019-11-18,8504.13,8504.71,8050.0,8183.26,123477.142
72,2019-11-19,8183.3,8212.87,8000.0,8131.7,110854.03
73,2019-11-20,8131.12,8230.0,8037.5,8094.05,87352.38
74,2019-11-21,8094.57,8131.51,7432.0,7621.9,180289.189
75,2019-11-22,7621.89,7765.03,6762.73,7262.72,371213.951
76,2019-11-23,7261.89,7345.84,7073.38,7305.99,139643.311
77,2019-11-24,7306.19,7324.92,6855.91,6900.86,183676.078
78,2019-11-25,6899.77,7386.29,6510.19,7102.03,333987.914
79,2019-11-26,7103.34,7340.06,7011.9,7150.0,193962.094
80,2019-11-27,7149.97,7669.2,6850.0,7506.77,297842.994
81,2019-11-28,7506.78,7643.0,7356.0,7415.79,175000.609
82,2019-11-29,7417.0,7850.0,7394.57,7736.66,185819.186
83,2019-11-30,7737.23,7800.0,7444.18,7542.93,141966.392
84,2019-12-01,7541.08,7541.08,7222.29,7387.38,196291.252
85,2019-12-02,7388.0,7416.75,7137.74,7291.0,143966.953
86,2019-12-03,7291.74,7404.42,7231.35,7290.86,84699.47
87,2019-12-04,7290.85,7800.0,7070.0,7191.0,274879.481
88,2019-12-05,7189.42,7480.0,7142.54,7384.99,176315.108
89,2019-12-06,7384.66,7602.44,7295.73,7522.1,136218.707
90,2019-12-07,7521.13,7616.91,7467.44,7487.2,83208.782
91,2019-12-08,7487.19,7559.39,7376.0,7508.2,84380.338
92,2019-12-09,7507.87,7676.48,7269.05,7337.49,136440.176
93,2019-12-10,7338.2,7403.71,7152.0,7220.98,126662.794
94,2019-12-11,7220.92,7267.0,7117.74,7205.77,97320.727
95,2019-12-12,7206.78,7295.12,7080.0,7194.77,140594.105
96,2019-12-13,7194.08,7298.0,7190.0,7252.98,80178.833
97,2019-12-14,7252.98,7266.14,7007.86,7061.34,97837.512
98,2019-12-15,7060.79,7196.0,7004.77,7115.0,87933.233
99,2019-12-16,7115.45,7147.34,6831.0,6887.54,117597.89
100,2019-12-17,6887.48,6940.0,6550.0,6618.96,166411.289
101,2019-12-18,6618.96,7479.99,6427.0,7277.44,328489.593
102,2019-12-19,7278.11,7367.87,7042.82,7146.29,158849.566
103,2019-12-20,7146.29,7217.08,7078.17,7184.39,86449.566
104,2019-12-21,7184.39,7185.0,7108.0,7131.01,44340.865
105,2019-12-22,7131.02,7517.61,7122.0,7502.92,129797.395
106,2019-12-23,7502.92,7691.0,7262.0,7314.01,215298.787
107,2019-12-24,7314.03,7434.55,7156.08,7252.04,149081.004
108,2019-12-25,7251.57,7267.63,7123.19,7201.45,96965.072
109,2019-12-26,7201.67,7438.8,7151.0,7197.46,133973.533
110,2019-12-27,7197.84,7270.0,7078.89,7248.4,112284.61
111,2019-12-28,7248.4,7359.15,7235.0,7311.48,91292.882
112,2019-12-29,7310.29,7527.0,7283.6,7383.67,102543.974
113,2019-12-30,7383.68,7400.0,7215.58,7240.43,94375.362
114,2019-12-31,7240.8,7319.0,7141.0,7189.0,89203.437
115,2020-01-01,7189.43,7260.43,7170.15,7197.57,56801.329
116,2020-01-02,7197.57,7209.59,6922.0,6962.04,115295.677
117,2020-01-03,6962.34,7407.28,6863.44,7341.72,208493.458
118,2020-01-04,7341.6,7400.0,7269.21,7350.71,92586.033
119,2020-01-05,7350.54,7495.0,7303.0,7354.36,117765.972
120,2020-01-06,7354.36,7808.65,7345.0,7757.39,168150.317
121,2020-01-07,7757.74,8215.33,7733.0,8152.49,280809.162
122,2020-01-08,8150.9,8468.42,7870.11,8059.84,321225.114
123,2020-01-09,8059.77,8060.0,7750.01,7818.59,187263.143
124,2020-01-10,7817.91,8210.62,7670.0,8207.09,253783.948
125,2020-01-11,8207.2,8292.19,8003.87,8020.56,164741.715
126,2020-01-12,8020.58,8195.0,7956.28,8186.7,108629.964
127,2020-01-13,8186.22,8200.0,8053.78,8113.0,74581.364
128,2020-01-14,8112.99,8893.0,8109.02,8825.0,290777.981
129,2020-01-15,8825.0,8921.2,8570.52,8825.3,237633.837
130,2020-01-16,8825.35,8868.21,8596.25,8725.08,167958.963
131,2020-01-17,8724.99,9039.0,8680.0,8918.72,205717.686
132,2020-01-18,8918.73,8995.0,8816.0,8925.0,114708.682
133,2020-01-19,8925.0,9205.3,8440.91,8705.85,225314.525
134,2020-01-20,8705.98,8750.37,8526.06,8650.0,125161.675
135,2020-01-21,8650.0,8790.1,8448.6,8742.43,107577.153
136,2020-01-22,8742.78,8820.0,8585.85,8684.57,94305.496
137,2020-01-23,8684.47,8694.0,8326.0,8409.6,163407.064
138,2020-01-24,8410.0,8528.0,8247.0,8441.96,144785.391
139,2020-01-25,8442.82,8455.0,8272.0,8344.64,96961.714
140,2020-01-26,8344.37,8624.45,8300.0,8611.21,117898.916
141,2020-01-27,8611.21,9015.48,8565.0,8913.61,172235.328
142,2020-01-28,8913.61,9436.06,8905.0,9398.98,244467.546
143,2020-01-29,9399.72,9460.52,9242.0,9311.0,169460.643
144,2020-01-30,9311.23,9599.0,9210.42,9525.67,190137.536
145,2020-01-31,9525.67,9550.72,9220.0,9364.51,146644.026
146,2020-02-01,9364.5,9477.76,9306.0,9392.74,109040.285
147,2020-02-02,9392.99,9489.92,9160.01,9338.2,148402.977
148,2020-02-03,9340.49,9647.61,9250.0,9300.64,159049.385
149,2020-02-04,9300.63,9368.0,9105.0,9198.35,147843.902
150,2020-02-05,9198.32,9799.08,9179.88,9630.0,212311.697
151,2020-02-06,9630.0,9884.0,9550.0,9778.12,200556.367
152,2020-02-07,9777.97,9900.0,9736.66,9821.52,129740.767
153,2020-02-08,9821.52,9956.0,9680.55,9906.43,129267.269
154,2020-02-09,9906.09,10184.34,9892.15,10167.38,143407.013
155,2020-02-10,10167.37,10213.56,9750.0,9865.56,184242.737
156,2020-02-11,9865.56,10409.96,9729.36,10229.06,190119.815
157,2020-02-12,10230.74,10479.98,10229.71,10339.99,159674.258
158,2020-02-13,10339.64,10540.0,10101.0,10239.63,213052.717
159,2020-02-14,10240.02,10390.0,10123.37,10356.82,130975.746
160,2020-02-15,10356.27,10389.75,9752.3,9914.99,152146.127
161,2020-02-16,9914.31,10060.45,9626.64,9921.86,141547.956
162,2020-02-17,9921.87,9971.0,9461.89,9716.0,185338.179
163,2020-02-18,9716.0,10270.0,9598.0,10174.32,166119.369
164,2020-02-19,10174.53,10286.0,9293.07,9593.65,187495.927
165,2020-02-20,9593.31,9700.0,9382.59,9601.99,143105.587
166,2020-02-21,9601.51,9759.59,9547.0,9681.39,98954.288
167,2020-02-22,9681.39,9710.7,9565.0,9659.2,58419.547
168,2020-02-23,9658.95,10018.9,9657.0,9943.12,97134.358
169,2020-02-24,9943.12,10000.0,9487.38,9662.95,157965.671
170,2020-02-25,9662.88,9686.78,9247.0,9326.0,168641.725
171,2020-02-26,9326.0,9384.0,8610.0,8792.22,267005.172
172,2020-02-27,8793.96,8978.0,8533.9,8828.0,200638.488
173,2020-02-28,8827.12,8908.86,8450.0,8699.57,196066.11
174,2020-02-29,8699.86,8799.83,8530.0,8531.98,103524.685
175,2020-03-01,8532.5,8762.24,8409.0,8537.84,174332.916
176,2020-03-02,8537.84,8972.0,8504.95,8919.7,160294.484
177,2020-03-03,8919.7,8922.34,8657.41,8765.0,160123.605
178,2020-03-04,8765.0,8853.88,8669.23,8756.93,105462.12
179,2020-03-05,8755.98,9172.3,8755.98,9062.81,161840.623
180,2020-03-06,9062.62,9179.75,8994.14,9139.48,115011.583
181,2020-03-07,9139.77,9204.0,8850.0,8897.18,125804.999
182,2020-03-08,8895.62,8897.71,7997.7,8038.46,237407.028
183,2020-03-09,8038.99,8182.31,7635.21,7932.15,334399.107
184,2020-03-10,7932.45,8156.31,7733.0,7897.66,257068.702
185,2020-03-11,7898.21,7988.0,7593.29,7938.39,220537.381
186,2020-03-12,7938.39,7969.0,4347.0,4764.65,784747.02
187,2020-03-13,4762.28,5971.0,3621.81,5570.26,935489.242
188,2020-03-14,5569.84,5638.42,5040.0,5167.01,316242.586
189,2020-03-15,5167.21,5954.47,5089.12,5357.32,356311.765
190,2020-03-16,5354.81,5361.26,4413.62,5026.26,621555.792
191,2020-03-17,5027.11,5529.98,4913.49,5307.38,429908.098
192,2020-03-18,5306.42,5435.0,4982.75,5389.64,402005.703
193,2020-03-19,5389.94,6400.0,5246.5,6159.6,499391.19
194,2020-03-20,6159.41,6911.0,5650.0,6203.77,571898.016
195,2020-03-21,6204.47,6457.17,5854.01,6183.69,387679.649
196,2020-03-22,6183.84,6408.91,5730.35,5810.17,391002.795
197,2020-03-23,5810.3,6619.9,5670.0,6463.84,489746.087
198,2020-03-24,6463.21,6840.0,6369.0,6741.33,437968.553
199,2020-03-25,6740.86,6960.71,6436.26,6673.41,400684.542
200,2020-03-26,6673.57,6777.5,6500.0,6733.76,281245.628
201,2020-03-27,6733.76,6840.0,6230.0,6353.64,258213.519
202,2020-03-28,6353.64,6354.74,6004.0,6230.95,341944.185
203,2020-03-29,6231.81,6260.0,5857.6,5876.27,251335.919
204,2020-03-30,5876.27,6606.15,5850.0,6391.08,387321.998
205,2020-03-31,6389.52,6516.63,6320.0,6407.1,262522.644
206,2020-04-01,6407.1,6693.0,6140.0,6641.51,390529.602
207,2020-04-02,6641.22,7290.0,6542.73,6791.63,531321.428
208,2020-04-03,6791.65,7049.11,6600.0,6729.8,411944.927
209,2020-04-04,6729.8,7020.0,6629.99,6851.1,319849.757
210,2020-04-05,6851.4,6893.44,6668.02,6768.9,239224.508
211,2020-04-06,6768.9,7370.0,6760.0,7325.73,461331.013
212,2020-04-07,7325.73,7457.0,7070.43,7192.9,419572.04
213,2020-04-08,7192.9,7417.83,7145.14,7357.66,332599.575
214,2020-04-09,7357.15,7365.69,7105.98,7278.65,293638.581
215,2020-04-10,7278.83,7290.0,6741.0,6857.82,440148.453
216,2020-04-11,6858.0,6944.28,6757.29,6874.18,224157.844
217,2020-04-12,6874.17,7173.98,6775.66,6900.52,321594.822
218,2020-04-13,6900.19,6900.99,6558.0,6834.0,421954.773
219,2020-04-14,6834.01,6975.6,6751.0,6864.11,280445.427
220,2020-04-15,6864.11,6929.0,6602.59,6616.89,281136.689
221,2020-04-16,6616.88,7190.92,6465.33,7098.15,559868.603
222,2020-04-17,7098.15,7140.0,6981.0,7022.44,277339.601
223,2020-04-18,7022.0,7290.0,7008.11,7242.42,225807.171
224,2020-04-19,7242.49,7258.42,7055.0,7118.03,216975.114
225,2020-04-20,7118.04,7208.55,6735.95,6825.29,445104.981
226,2020-04-21,6825.28,6940.0,6759.16,6838.0,288024.528
227,2020-04-22,6838.0,7154.9,6812.57,7120.06,306482.163
228,2020-04-23,7120.06,7802.38,7020.0,7483.35,472510.047
229,2020-04-24,7483.36,7612.91,7388.0,7504.11,278378.368
230,2020-04-25,7504.62,7722.33,7433.0,7534.01,243266.807
231,2020-04-26,7534.01,7709.57,7476.86,7694.17,269921.936
232,2020-04-27,7693.63,7795.6,7623.98,7774.0,290336.169
233,2020-04-28,7774.0,7780.0,7662.49,7735.75,217652.761
234,2020-04-29,7735.76,8988.66,7710.0,8784.2,871197.569
235,2020-04-30,8784.05,9479.77,8400.0,8624.76,944211.711
236,2020-05-01,8623.61,9065.0,8619.84,8830.52,417820.386
237,2020-05-02,8830.52,9020.0,8755.01,8975.18,295769.728
238,2020-05-03,8975.18,9200.0,8727.24,8900.0,451322.713
239,2020-05-04,8899.99,8954.94,8526.0,8873.98,440135.307
240,2020-05-05,8873.99,9118.17,8766.12,9022.78,409920.13
241,2020-05-06,9022.76,9405.0,8916.01,9148.27,507753.8
242,2020-05-07,9148.29,10080.0,9022.0,9995.0,738920.219
243,2020-05-08,9994.74,10045.03,9726.0,9807.49,458034.211
244,2020-05-09,9809.63,9923.98,9528.23,9550.67,411941.957
245,2020-05-10,9550.25,9580.0,7940.0,8719.53,842909.031
246,2020-05-11,8723.23,9164.0,8151.12,8561.09,805164.964
247,2020-05-12,8560.73,8981.0,8520.43,8808.71,369716.041
248,2020-05-13,8808.71,9397.0,8790.04,9305.91,379719.0
249,2020-05-14,9305.91,9950.0,9250.66,9786.8,602528.438
250,2020-05-15,9787.62,9843.5,9100.0,9310.73,504107.096
251,2020-05-16,9311.21,9585.0,9210.03,9374.99,287768.201
252,2020-05-17,9374.99,9880.0,9317.16,9678.57,300859.34
253,2020-05-18,9677.31,9958.67,9450.0,9731.1,363732.37
254,2020-05-19,9731.11,9900.0,9462.0,9773.64,376313.845
255,2020-05-20,9772.66,9838.0,9281.42,9508.11,334423.59
256,2020-05-21,9508.0,9573.0,8812.2,9060.0,461439.193
257,2020-05-22,9060.0,9259.38,8920.0,9166.4,276008.073
258,2020-05-23,9166.43,9300.0,9076.9,9176.41,201589.66
259,2020-05-24,9176.32,9294.44,8674.0,8711.37,339643.378
260,2020-05-25,8711.37,8977.0,8623.38,8895.65,302980.106
261,2020-05-26,8895.66,9011.82,8693.18,8837.05,275619.158
262,2020-05-27,8837.88,9230.0,8811.0,9197.32,272253.998
263,2020-05-28,9197.32,9621.65,9110.97,9569.59,327412.374
264,2020-05-29,9569.58,9598.0,9317.42,9422.26,238691.299
265,2020-05-30,9422.11,9753.0,9326.01,9695.0,255234.058
266,2020-05-31,9694.38,9698.0,9371.76,9446.43,219829.356
267,2020-06-01,9446.49,10497.25,9420.85,10232.48,333740.457
268,2020-06-02,10232.41,10262.3,9264.15,9514.9,354168.517
269,2020-06-03,9514.9,9694.75,9382.33,9663.59,185389.412
270,2020-06-04,9663.58,9884.0,9440.0,9788.33,264515.319
271,2020-06-05,9788.32,9855.0,9580.52,9617.29,237103.042
272,2020-06-06,9616.64,9738.77,9528.0,9664.0,152526.703
273,2020-06-07,9664.01,9823.13,9373.0,9743.92,253986.313
274,2020-06-08,9743.92,9816.0,9631.0,9778.87,162086.419
275,2020-06-09,9778.87,9890.0,9550.03,9771.66,204422.819
276,2020-06-10,9771.66,10015.99,9681.21,9884.99,193628.149
277,2020-06-11,9884.99,9970.1,9055.07,9278.03,404046.613
278,2020-06-12,9277.72,9550.0,9238.0,9458.91,211611.34
279,2020-06-13,9458.77,9497.85,9340.0,9468.54,113449.075
280,2020-06-14,9468.55,9477.0,9240.97,9339.61,143978.523
281,2020-06-15,9339.7,9490.83,8888.43,9422.01,413865.727
282,2020-06-16,9422.01,9595.0,9370.0,9519.12,225713.247
283,2020-06-17,9519.13,9569.0,9231.03,9458.45,227477.39
284,2020-06-18,9458.45,9483.85,9272.41,9381.59,158349.247
285,2020-06-19,9381.99,9453.0,9239.0,9307.0,219510.059
286,2020-06-20,9307.0,9394.29,9165.0,9354.04,154462.29
287,2020-06-21,9353.84,9420.47,9279.0,9293.51,110599.558
288,2020-06-22,9293.39,9795.0,9273.0,9686.99,260561.647
289,2020-06-23,9686.99,9723.23,9585.0,9631.66,164673.499
290,2020-06-24,9631.65,9678.0,9210.0,9298.4,300450.251
291,2020-06-25,9298.78,9350.9,9005.0,9246.75,272566.502
292,2020-06-26,9246.75,9297.16,9038.52,9159.99,249348.67
293,2020-06-27,9159.99,9195.75,8816.4,9008.0,237840.165
294,2020-06-28,9008.0,9188.0,8932.68,9114.0,153842.891
295,2020-06-29,9114.01,9233.0,9022.0,9189.48,176660.525
296,2020-06-30,9189.99,9205.0,9063.97,9138.87,143469.832
297,2020-07-01,9138.88,9293.0,9090.0,9233.29,161642.185
298,2020-07-02,9233.29,9262.99,8936.0,9087.72,230747.519
299,2020-07-03,9087.72,9124.52,9036.06,9057.52,96947.338
300,2020-07-04,9058.07,9194.0,9042.84,9137.18,100215.438
301,2020-07-05,9137.18,9146.35,8900.0,9071.86,139545.566
302,2020-07-06,9071.87,9379.0,9058.1,9339.6,199643.828
303,2020-07-07,9339.59,9380.0,9201.23,9258.51,127833.975
304,2020-07-08,9258.51,9470.0,9233.47,9436.08,170243.001
305,2020-07-09,9436.08,9440.81,9164.33,9236.28,188355.856
306,2020-07-10,9236.29,9317.24,9121.42,9288.39,140849.874
307,2020-07-11,9288.39,9301.74,9178.91,9233.5,74976.521
308,2020-07-12,9233.5,9349.0,9155.0,9300.69,127841.882
309,2020-07-13,9300.7,9345.0,9200.0,9241.2,136117.659
310,2020-07-14,9241.18,9279.0,9116.0,9254.17,129704.278
311,2020-07-15,9254.17,9272.56,9156.0,9197.3,104107.708
312,2020-07-16,9197.75,9223.0,9044.02,9132.0,148089.45
313,2020-07-17,9132.0,9187.0,9087.0,9151.69,80940.584
314,2020-07-18,9151.7,9210.0,9121.98,9171.8,63233.596
315,2020-07-19,9171.79,9239.59,9108.0,9210.51,75554.579
316,2020-07-20,9210.68,9221.0,9131.01,9161.13,72429.691
317,2020-07-21,9161.28,9439.6,9152.62,9388.01,179211.347
318,2020-07-22,9388.0,9543.0,9272.0,9518.25,126598.902
319,2020-07-23,9518.25,9678.32,9439.86,9604.41,166990.147
320,2020-07-24,9604.41,9650.0,9470.0,9539.7,133975.068
321,2020-07-25,9539.7,9735.1,9526.31,9701.49,133377.589
322,2020-07-26,9701.54,10300.0,9655.2,9939.69,261998.786
323,2020-07-27,9939.68,11488.0,9928.61,11047.58,744752.4
324,2020-07-28,11047.58,11270.0,10580.0,10919.94,499486.679
325,2020-07-29,10919.94,11364.8,10844.34,11113.03,356188.761
326,2020-07-30,11113.01,11195.52,10826.55,11111.96,230327.988
327,2020-07-31,11111.97,11450.42,10971.78,11343.68,307399.731
328,2020-08-01,11343.67,11887.45,11201.0,11811.42,386322.642
329,2020-08-02,11811.43,12154.25,10490.0,11079.72,492803.351
330,2020-08-03,11080.7,11483.0,10923.0,11227.07,238654.591
331,2020-08-04,11227.07,11427.38,11025.0,11200.05,200044.934
332,2020-08-05,11200.06,11798.56,11103.0,11752.5,263510.011
333,2020-08-06,11752.5,11916.02,11571.78,11770.56,236459.595
334,2020-08-07,11769.97,11920.0,11318.93,11596.06,273935.127
335,2020-08-08,11596.26,11819.0,11513.69,11765.72,154707.303
336,2020-08-09,11765.72,11811.0,11526.9,11685.99,125463.463
337,2020-08-10,11685.99,12100.0,11384.9,11896.89,290418.014
338,2020-08-11,11896.86,11944.0,11127.0,11392.64,336861.638
339,2020-08-12,11392.64,11630.0,11140.0,11568.36,213799.491
340,2020-08-13,11568.37,11798.0,11272.0,11790.0,248214.725
341,2020-08-14,11790.0,11868.42,11644.6,11767.89,159019.959
342,2020-08-15,11767.89,11993.58,11682.0,11859.04,222262.987
343,2020-08-16,11858.91,11945.0,11688.0,11921.23,165733.721
344,2020-08-17,11921.32,12499.42,11780.0,12298.06,331435.112
345,2020-08-18,12298.06,12403.0,11810.0,11960.79,291349.888
346,2020-08-19,11962.03,12037.05,11574.78,11763.87,313267.066
347,2020-08-20,11763.88,11888.0,11676.03,11857.92,130981.044
348,2020-08-21,11858.53,11882.68,11491.0,11538.53,195106.536
349,2020-08-22,11538.53,11689.08,11385.06,11670.47,126696.73
350,2020-08-23,11670.48,11724.0,11522.15,11654.0,95608.033
351,2020-08-24,11654.0,11831.96,11595.0,11753.3,108781.125
352,2020-08-25,11753.29,11770.0,11130.0,11327.17,267234.771
353,2020-08-26,11327.18,11548.68,11255.95,11466.22,170305.024
354,2020-08-27,11466.22,11593.0,11130.82,11335.53,253778.342
355,2020-08-28,11335.83,11544.88,11283.19,11526.85,129477.627
356,2020-08-29,11526.85,11582.0,11419.34,11466.66,83715.229
357,2020-08-30,11466.27,11724.12,11457.88,11714.14,113266.672
358,2020-08-31,11714.13,11784.21,11575.78,11658.11,127272.378
359,2020-09-01,11658.11,12061.07,11531.34,11930.18,211680.828
360,2020-09-02,11930.17,11961.0,11156.0,11396.96,280411.964
361,2020-09-03,11396.44,11475.0,9901.16,10141.08,487812.737
362,2020-09-04,10141.4,10635.77,9878.65,10448.0,432563.841
363,2020-09-05,10448.0,10567.87,9808.58,10168.71,399307.282
364,2020-09-06,10168.23,10348.97,10003.0,10258.13,190207.654
365,2020-09-07,10258.13,10420.55,9879.68,10378.76,258476.949
366,2020-09-08,10379.3,10443.79,9842.01,10129.02,317802.322
367,2020-09-09,10130.0,10346.0,9981.13,10219.29,151222.689
368,2020-09-10,10219.29,10484.6,10211.67,10335.91,187667.873
369,2020-09-11,10335.91,10397.85,10200.8,10387.81,135929.303
370,2020-09-12,10387.81,10477.7,10271.0,10438.28,97429.037
371,2020-09-13,10438.29,10580.0,10209.01,10327.72,159021.843
372,2020-09-14,10327.72,10746.06,10241.57,10664.1,205260.236
373,2020-09-15,10664.1,10923.42,10592.0,10776.78,247657.23
374,2020-09-16,10776.88,11089.08,10661.9,10948.17,252881.019
375,2020-09-17,10948.16,11040.0,10740.0,10935.33,186484.361
376,2020-09-18,10935.97,11035.0,10810.1,10926.29,136028.351
377,2020-09-19,10926.3,11177.0,10880.0,11073.74,126239.232
378,2020-09-20,11073.2,11073.9,10751.0,10914.28,150450.562
379,2020-09-21,10915.52,10980.69,10281.0,10414.73,333047.145
380,2020-09-22,10414.73,10574.08,10353.1,10523.32,179900.686
381,2020-09-23,10523.32,10531.94,10132.21,10237.91,203027.542
382,2020-09-24,10237.91,10837.27,10191.0,10724.92,241646.573
383,2020-09-25,10724.91,10754.29,10551.56,10683.51,170930.773
384,2020-09-26,10683.5,10827.8,10642.23,10726.5,109340.491
385,2020-09-27,10726.5,10793.5,10584.0,10768.0,123440.716
386,2020-09-28,10768.0,11024.0,10627.19,10691.45,187105.377
387,2020-09-29,10691.94,10863.94,10631.49,10836.98,146888.319
388,2020-09-30,10836.99,10845.99,10660.05,10773.0,132834.116
389,2020-10-01,10773.0,10935.14,10442.0,10612.63,253619.622
390,2020-10-02,10612.62,10660.0,10371.03,10565.15,224747.037
391,2020-10-03,10565.44,10596.0,10491.11,10537.96,76315.911
392,2020-10-04,10537.96,10694.0,10514.0,10660.16,90912.105
393,2020-10-05,10660.16,10792.0,10608.9,10785.0,130589.137
394,2020-10-06,10784.99,10792.0,10510.66,10593.65,184895.25
395,2020-10-07,10593.65,10675.0,10540.29,10658.75,106700.522
396,2020-10-08,10658.75,10958.0,10523.0,10919.45,207938.861
397,2020-10-09,10919.45,11110.0,10818.44,11050.47,154336.818
398,2020-10-10,11050.46,11494.0,11050.46,11294.79,199398.012
399,2020-10-11,11294.78,11450.73,11273.77,11369.59,146323.076
400,2020-10-12,11369.59,11732.0,11157.0,11530.36,254217.203
401,2020-10-13,11530.37,11562.0,11308.0,11419.36,199115.115
402,2020-10-14,11419.36,11550.0,11280.5,11417.13,192936.97
403,2020-10-15,11417.12,11649.48,11250.0,11502.0,215260.399
404,2020-10-16,11502.0,11538.92,11175.0,11318.92,212339.085
405,2020-10-17,11319.51,11424.09,11250.0,11356.25,95892.966
406,2020-10-18,11356.25,11529.93,11342.54,11501.1,92472.191
407,2020-10-19,11501.5,11830.0,11404.01,11745.0,230161.648
408,2020-10-20,11744.99,12045.78,11673.0,11900.03,312811.802
409,2020-10-21,11900.03,13240.0,11876.0,12796.07,591963.069
410,2020-10-22,12796.06,13188.27,12675.5,12968.87,343851.666
411,2020-10-23,12970.39,13043.0,12725.04,12925.82,237042.526
412,2020-10-24,12925.82,13177.59,12871.07,13110.88,176146.631
413,2020-10-25,13110.88,13369.0,12715.0,13023.81,206012.652
414,2020-10-26,13024.21,13240.0,12729.0,13047.24,316503.296
415,2020-10-27,13047.24,13787.83,13041.3,13629.38,411509.506
416,2020-10-28,13629.89,13863.0,12876.0,13256.17,476993.789
417,2020-10-29,13255.79,13637.22,12965.0,13446.65,355352.336
418,2020-10-30,13446.65,13665.65,13100.0,13549.12,349890.573
419,2020-10-31,13549.12,14140.0,13403.36,13783.73,357853.23
420,2020-11-01,13783.73,13891.52,13605.9,13752.86,198395.231
421,2020-11-02,13752.87,13823.75,13195.0,13540.54,327991.768
422,2020-11-03,13541.55,14070.0,13276.33,14016.55,348730.51
423,2020-11-04,14016.55,14280.0,13512.0,14134.31,451433.42
424,2020-11-05,14134.32,15777.0,14088.01,15598.75,717489.697
425,2020-11-06,15598.74,15984.2,15177.0,15590.96,559380.06
426,2020-11-07,15590.95,15774.0,14350.0,14824.34,457582.681
427,2020-11-08,14824.33,15678.0,14710.0,15473.2,290616.393
428,2020-11-09,15473.2,15869.0,14822.0,15328.72,474181.983
429,2020-11-10,15328.72,15474.17,15071.0,15294.68,244073.495
430,2020-11-11,15294.68,16000.0,15274.89,15690.24,330772.852
431,2020-11-12,15690.24,16345.0,15437.7,16289.02,471759.126
432,2020-11-13,16289.01,16479.99,15955.6,16320.54,306656.359
433,2020-11-14,16320.54,16326.82,15700.0,16064.51,266206.937
434,2020-11-15,16064.51,16161.23,15768.0,15952.27,210318.453
435,2020-11-16,15951.93,16882.0,15862.0,16707.07,342459.329
436,2020-11-17,16707.0,17890.1,16550.0,17670.01,524094.697
437,2020-11-18,17670.01,18520.0,17215.03,17788.32,732937.097
438,2020-11-19,17788.32,18200.0,17347.27,17811.68,406500.977
439,2020-11-20,17811.68,18831.6,17748.92,18664.31,407926.802
440,2020-11-21,18662.85,18986.0,18302.08,18721.99,342412.49
441,2020-11-22,18721.99,18780.0,17645.98,18435.2,373779.417
442,2020-11-23,18434.17,18812.65,18013.97,18382.07,364221.378
443,2020-11-24,18382.07,19440.0,18000.0,19179.64,477968.289
444,2020-11-25,19178.53,19554.19,18509.12,18741.67,426276.99
445,2020-11-26,18741.66,18940.69,16181.0,17155.34,850692.856
446,2020-11-27,17155.37,17465.0,16444.83,17144.1,398072.933
447,2020-11-28,17144.11,17880.0,16865.78,17717.74,268833.749
448,2020-11-29,17717.74,18343.0,17523.0,18181.09,256024.006
449,2020-11-30,18180.43,19944.0,18178.82,19720.0,500482.574
450,2020-12-01,19722.09,19956.0,18050.0,18772.7,553885.333
451,2020-12-02,18770.33,19365.0,18329.58,19207.01,335717.482
452,2020-12-03,19207.01,19640.0,18865.0,19434.3,245020.576
453,2020-12-04,19432.66,19537.16,18570.0,18664.2,276271.939
454,2020-12-05,18662.72,19203.46,18510.0,19147.62,165912.647
455,2020-12-06,19147.63,19449.1,18855.35,19375.02,176004.606
456,2020-12-07,19375.0,19446.36,18908.66,19172.88,169402.371
457,2020-12-08,19172.87,19319.38,18133.33,18319.32,280714.132
458,2020-12-09,18319.33,18639.7,17650.0,18537.98,353123.689
459,2020-12-10,18537.97,18550.0,17916.0,18253.51,233960.241
460,2020-12-11,18254.0,18290.44,17555.0,18031.47,317866.07
461,2020-12-12,18031.71,18950.0,18012.21,18800.0,196962.282
462,2020-12-13,18800.0,19432.0,18705.46,19175.07,239760.089
463,2020-12-14,19175.06,19355.35,19004.72,19270.7,181555.823
464,2020-12-15,19270.71,19598.0,19039.64,19424.91,248744.054
465,2020-12-16,19424.9,21600.0,19274.55,21346.8,459302.012
466,2020-12-17,21346.81,23888.04,21231.5,22816.99,823435.821
467,2020-12-18,22816.99,23330.0,22363.94,23124.35,305997.222
468,2020-12-19,23124.35,24281.61,22735.81,23847.28,337535.438
469,2020-12-20,23847.28,24376.0,23076.25,23472.96,322289.774
470,2020-12-21,23472.96,24145.0,21920.0,22730.1,476456.589
471,2020-12-22,22736.05,23850.0,22387.0,23826.99,326124.313
472,2020-12-23,23826.74,24235.42,22572.52,23238.27,394754.939
473,2020-12-24,23237.73,23819.81,22700.0,23737.44,237754.257
474,2020-12-25,23738.75,24827.64,23450.0,24730.0,284523.431
475,2020-12-26,24729.99,26926.0,24507.24,26508.83,367265.555
476,2020-12-27,26508.84,28459.84,25850.0,26305.64,540264.148
477,2020-12-28,26301.76,27538.82,26117.1,27102.66,267563.468
478,2020-12-29,27101.45,27441.73,25913.01,27402.83,260759.449
479,2020-12-30,27402.83,29063.72,27401.0,28906.99,374737.655
480,2020-12-31,28906.99,29376.7,27848.0,28951.68,313648.835
481,2021-01-01,28948.19,29668.86,28627.12,29337.16,210716.398
482,2021-01-02,29337.15,33480.0,28958.24,32199.91,545541.08
483,2021-01-03,32198.41,34832.25,32000.02,33054.53,487486.989
484,2021-01-04,33053.93,33653.56,27800.0,32031.07,506128.023
485,2021-01-05,32029.55,34500.0,29900.0,33999.52,433720.833
486,2021-01-06,33999.51,37037.51,33356.46,36823.68,444019.83
487,2021-01-07,36825.77,40565.62,36337.36,39498.92,520147.908
488,2021-01-08,39498.32,42125.51,36539.77,40637.23,518080.826
489,2021-01-09,40638.91,41539.88,38733.28,40136.04,260882.805
490,2021-01-10,40136.05,41412.12,35268.0,38221.67,436759.048
491,2021-01-11,38200.01,38322.18,30448.0,35408.46,906275.651
492,2021-01-12,35406.92,36693.44,32600.0,34056.9,449065.693
493,2021-01-13,34065.53,37880.0,32420.0,37421.07,398188.088
494,2021-01-14,37416.34,40189.39,36764.33,39163.31,353142.386
495,2021-01-15,39163.31,39790.0,34478.0,36755.24,437610.113
496,2021-01-16,36755.25,38000.0,35366.0,36025.66,301102.477
497,2021-01-17,36025.65,36898.0,33863.5,35869.83,287686.129
498,2021-01-18,35875.72,37547.94,34808.47,36686.86,253386.703
499,2021-01-19,36690.0,37961.0,35850.0,35891.03,257889.419
500,2021-01-20,35891.74,36461.44,33403.0,35500.0,329192.419
501,2021-01-21,35499.23,35636.17,30069.9,30879.97,550562.277
502,2021-01-22,30875.77,33831.52,28880.0,32986.34,453568.538
503,2021-01-23,32990.08,33495.0,31405.0,32086.48,256776.411
504,2021-01-24,32086.48,33125.75,30914.2,32275.63,212107.044
505,2021-01-25,32274.88,34880.0,31921.47,32253.68,316687.524
506,2021-01-26,32253.68,32950.0,30810.0,32474.14,346861.707
507,2021-01-27,32474.81,32562.2,29240.0,30381.04,431022.839
508,2021-01-28,30382.96,33778.95,29843.33,33399.75,311528.373
509,2021-01-29,33399.99,38641.1,31960.0,34269.35,713579.785
510,2021-01-30,34267.04,34988.88,32849.06,34289.85,267861.872
511,2021-01-31,34284.76,34393.22,32193.04,33126.21,211293.891
512,2021-02-01,33125.11,34720.0,32322.47,33546.09,240632.325
513,2021-02-02,33546.08,36041.0,33450.0,35504.06,239856.23
514,2021-02-03,35504.07,37700.0,35410.0,37652.51,240308.078
515,2021-02-04,37651.92,38833.0,36233.0,36976.93,306715.022
516,2021-02-05,36975.19,38411.82,36586.68,38362.65,196277.444
517,2021-02-06,38357.17,40992.4,38269.0,39249.54,310826.315
518,2021-02-07,39249.53,39757.87,37403.27,38849.25,296721.925
519,2021-02-08,38849.24,47146.0,38037.0,46451.32,440167.093
520,2021-02-09,46451.32,48266.36,45057.65,46492.54,381477.426
521,2021-02-10,46492.53,47475.0,43770.0,44850.0,334979.017
522,2021-02-11,44850.0,48810.0,44038.97,48060.21,330540.045
523,2021-02-12,48060.21,49278.98,46121.0,47361.03,259186.288
524,2021-02-13,47364.0,48290.0,46252.1,47221.62,199965.397
525,2021-02-14,47221.63,49875.16,47093.16,48655.21,241935.666
526,2021-02-15,48655.21,49100.0,45349.21,47981.58,248960.404
527,2021-02-16,47981.6,50953.44,47101.02,49197.94,343592.011
528,2021-02-17,49197.93,52800.0,49029.62,52194.62,312007.458
529,2021-02-18,52194.62,52640.0,50948.0,51619.7,185489.89
530,2021-02-19,51612.46,56582.0,50800.0,56004.1,257911.872
531,2021-02-20,56005.85,57699.0,53905.0,55917.41,240296.308
532,2021-02-21,55908.45,58472.14,55564.5,57487.43,196820.573
533,2021-02-22,57475.5,57591.87,47751.42,54121.1,480660.187
534,2021-02-23,54125.55,54260.12,44893.82,48930.0,748737.462
535,2021-02-24,48930.01,51435.58,47000.0,49702.03,333415.219
536,2021-02-25,49702.05,52134.96,46685.43,47089.37,349943.016
537,2021-02-26,47087.97,48438.01,44100.0,46313.13,440670.32
538,2021-02-27,46313.12,48476.05,44926.77,46102.63,256027.074
539,2021-02-28,46097.09,46678.0,43002.05,45163.36,370358.825
540,2021-03-01,45162.64,49800.0,44972.49,49592.7,315659.931
541,2021-03-02,49594.99,50221.77,47058.06,48450.57,273100.435
542,2021-03-03,48454.21,52681.51,48110.66,50373.75,350311.234
543,2021-03-04,50373.75,51800.0,47500.0,48385.77,387428.957
544,2021-03-05,48385.77,49470.0,46320.0,48770.57,354602.756
545,2021-03-06,48772.68,49253.63,47090.0,48908.21,215092.91
546,2021-03-07,48908.21,51480.0,48908.21,50995.27,248398.116
547,2021-03-08,50991.35,52450.0,49310.0,52429.43,308339.866
548,2021-03-09,52429.43,54950.0,51880.0,54917.78,285604.798
549,2021-03-10,54917.78,57500.92,53061.0,55947.98,401159.493
550,2021-03-11,55949.3,58283.0,54356.44,57844.52,364681.318
551,2021-03-12,57842.64,58186.33,55074.3,57291.03,335495.042
552,2021-03-13,57291.04,61950.0,56136.0,61267.41,320322.173
553,2021-03-14,61267.41,61798.0,59005.0,59037.12,231991.901
554,2021-03-15,59037.11,60740.0,54517.28,55646.61,448820.83
555,2021-03-16,55646.61,56988.0,53335.0,56954.19,339718.202
556,2021-03-17,56953.23,59078.79,54154.93,58959.0,339397.712
557,2021-03-18,58959.01,60510.0,57072.0,57700.01,305100.026
558,2021-03-19,57700.01,59550.0,56301.27,58089.11,259039.479
559,2021-03-20,58089.11,59948.0,57881.0,58145.61,203680.149
560,2021-03-21,58144.44,58638.7,55403.55,57415.18,237518.696
561,2021-03-22,57415.19,58500.0,53635.81,54129.56,293062.947
562,2021-03-23,54129.56,55890.68,52981.4,54400.0,276199.041
563,2021-03-24,54400.0,57234.79,51666.0,52311.54,394172.526
564,2021-03-25,52307.89,53255.2,50452.08,51325.21,416848.091
565,2021-03-26,51325.21,55123.0,51260.0,55030.0,271957.842
566,2021-03-27,55030.0,56658.76,54001.0,55828.0,234435.346
567,2021-03-28,55828.0,56588.31,54694.91,55805.08,200603.768
568,2021-03-29,55804.16,58490.11,54931.15,57677.64,277215.268
569,2021-03-30,57676.14,59560.0,57110.0,58794.16,232824.065
570,2021-03-31,58794.17,59920.0,56812.0,58807.24,337038.349
571,2021-04-01,58810.99,59592.22,58002.0,58794.01,196332.114
572,2021-04-02,58797.56,60397.85,58490.03,59031.36,189391.958
573,2021-04-03,59028.99,59925.0,56900.0,57134.65,198636.171
574,2021-04-04,57134.65,58553.0,56517.23,58234.61,152454.122
575,2021-04-05,58234.61,59385.0,56808.94,59243.39,174338.646
576,2021-04-06,59243.4,59626.18,57500.0,58059.99,165562.029
577,2021-04-07,58060.0,58720.0,55536.07,56018.18,265271.707
578,2021-04-08,56018.17,58200.0,55759.13,58122.26,161389.858
579,2021-04-09,58122.93,58950.0,57700.0,58176.03,141690.144
580,2021-04-10,58176.04,61800.0,57943.95,59832.43,240907.592
581,2021-04-11,59832.43,60816.88,59304.02,60090.2,148499.824
582,2021-04-12,60093.26,61449.91,59500.0,59911.18,196147.561
583,2021-04-13,59911.19,63850.0,59873.01,63649.71,279389.492
584,2021-04-14,63645.05,64986.11,61404.0,63019.1,323454.88
585,2021-04-15,63018.34,63905.83,62157.89,63232.55,178604.198
586,2021-04-16,63232.56,63600.0,60100.0,61424.67,255765.893
587,2021-04-17,61424.67,62610.0,59620.0,60090.14,194112.299
588,2021-04-18,60090.14,60450.0,50050.0,56140.05,522006.276
589,2021-04-19,56140.05,57532.7,54200.0,55634.39,285041.716
590,2021-04-20,55634.38,57060.0,53330.82,56410.56,324494.085
591,2021-04-21,56411.25,56756.78,53610.0,53800.0,252601.972
592,2021-04-22,53794.72,55470.51,50534.34,51714.61,453489.185
593,2021-04-23,51714.62,52152.0,47546.16,51122.62,554666.026
594,2021-04-24,51122.63,51183.51,48690.0,50092.4,299663.131
595,2021-04-25,50094.27,50577.9,46930.43,49063.94,310306.501
596,2021-04-26,49063.94,54364.89,48763.0,53984.33,390494.148
597,2021-04-27,53984.34,55500.0,53225.14,55006.25,225440.361
598,2021-04-28,55006.25,56574.13,53852.0,54861.77,263170.559
599,2021-04-29,54861.76,55222.02,52350.0,53558.8,257045.19
600,2021-04-30,53558.57,57935.0,53043.62,57684.16,294683.751
601,2021-05-01,57688.29,58488.17,57051.23,57836.34,207854.398
602,2021-05-02,57836.35,57959.97,56100.0,56630.33,203712.515
603,2021-05-03,56630.34,59056.59,56500.65,57214.83,271733.972
604,2021-05-04,57214.84,57253.76,53094.59,53263.32,388988.754
605,2021-05-05,53263.32,57940.0,52880.38,57497.77,317811.705
606,2021-05-06,57497.76,58450.0,55297.91,56435.35,275471.204
607,2021-05-07,56435.35,58800.0,55300.0,57350.88,256159.504
608,2021-05-08,57350.89,59590.96,56961.25,58924.98,264906.729
609,2021-05-09,58926.36,59335.19,56316.0,58292.53,245954.014
610,2021-05-10,58292.53,59654.0,53250.0,55869.67,396237.133
611,2021-05-11,55869.41,56908.66,54541.33,56710.43,267226.104
612,2021-05-12,56712.7,58049.99,48503.74,49595.76,472329.152
613,2021-05-13,49596.75,51358.0,45596.32,49707.9,652476.689
614,2021-05-14,49706.27,51533.0,48870.41,49873.27,319069.002
615,2021-05-15,49873.26,50709.43,46584.32,46793.41,442023.496
616,2021-05-16,46794.62,49829.39,43866.0,46429.28,604537.63
617,2021-05-17,46429.28,46655.0,42151.0,43566.18,809129.365
618,2021-05-18,43565.11,45846.61,42268.0,42882.53,590358.592
619,2021-05-19,42882.54,43615.93,28688.0,36689.14,1373851.849
620,2021-05-20,36689.14,42460.0,34882.0,40500.3,775185.113
621,2021-05-21,40500.0,42270.42,33400.0,37211.02,930671.747
622,2021-05-22,37210.01,38851.34,35201.11,37432.58,588166.784
623,2021-05-23,37436.0,38261.71,31096.7,34651.6,996815.017
624,2021-05-24,34656.53,39917.09,34366.0,38779.66,707903.071
625,2021-05-25,38783.58,39790.05,36439.32,38326.84,598836.411
626,2021-05-26,38326.84,40900.0,37804.76,39224.2,577032.81
627,2021-05-27,39224.21,40438.82,37133.22,38527.38,543338.566
628,2021-05-28,38527.38,38888.35,34689.57,35670.99,832363.425
629,2021-05-29,35670.99,37375.0,33650.0,34611.94,733902.825
630,2021-05-30,34611.95,36501.0,33356.0,35651.81,511834.746
631,2021-05-31,35651.8,37500.0,34150.0,37243.38,635082.121
632,2021-06-01,37244.36,37893.76,35500.0,36693.41,590822.54
633,2021-06-02,36694.37,38232.99,35905.0,37569.99,441719.806
634,2021-06-03,37570.0,39470.0,37150.15,39247.4,507429.005
635,2021-06-04,39247.4,39297.35,35552.51,36828.03,700625.866
636,2021-06-05,36828.03,37900.49,34800.0,35498.62,631028.448
637,2021-06-06,35497.93,36521.16,35201.86,35801.71,443601.064
638,2021-06-07,35801.71,36820.0,33200.0,33550.96,636735.873
639,2021-06-08,33550.97,34061.57,30969.0,33372.58,976693.026
640,2021-06-09,33372.58,37511.31,32390.0,37368.45,1031014.087
641,2021-06-10,37369.99,38489.0,35750.0,36669.66,803185.699
642,2021-06-11,36669.65,37679.54,35900.0,37300.42,586122.898
643,2021-06-12,37300.41,37432.95,34585.9,35537.05,623532.476
644,2021-06-13,35535.95,39374.18,34739.06,38993.65,647035.314
645,2021-06-14,38993.66,41000.0,38720.0,40489.1,704979.881
646,2021-06-15,40489.1,41413.0,39500.0,40132.86,632066.994
647,2021-06-16,40132.86,40495.0,38105.0,38344.97,673235.496
648,2021-06-17,38344.97,39565.0,37334.76,38060.71,603849.861
649,2021-06-18,38060.71,38198.0,35100.0,35811.41,790379.249
650,2021-06-19,35811.41,36471.8,34704.08,35483.0,642185.382
651,2021-06-20,35483.01,36155.0,33312.0,35588.64,829896.441
652,2021-06-21,35588.63,35746.28,31250.51,31606.0,1397330.662
653,2021-06-22,31606.0,33274.0,28780.01,32496.0,1531824.85
654,2021-06-23,32496.0,34867.77,31711.5,33649.0,960700.369
655,2021-06-24,33650.0,35406.74,32300.0,34644.64,774899.165
656,2021-06-25,34644.65,35500.0,31250.0,31568.07,1093051.375
657,2021-06-26,31569.18,32720.52,30120.0,32255.56,1091384.749
658,2021-06-27,32250.15,34762.0,31960.0,34687.71,897147.453
659,2021-06-28,34687.71,35279.38,33855.0,34487.22,706158.545
660,2021-06-29,34486.58,36623.0,34206.0,35911.26,806140.329
661,2021-06-30,35910.64,36089.96,34042.74,35031.39,719742.983
662,2021-07-01,35031.39,35044.98,32672.04,33489.96,758966.493
663,2021-07-02,33489.96,33960.0,32684.0,33760.94,664923.202
664,2021-07-03,33760.94,34948.16,33296.98,34652.94,510614.258
665,2021-07-04,34653.32,35955.55,34340.75,35280.16,451001.556
666,2021-07-05,35280.17,35281.55,33032.0,33672.72,736706.409
667,2021-07-06,33672.72,35120.0,33500.0,34206.01,644229.007
668,2021-07-07,34206.0,35089.56,33756.48,33845.64,456218.909
669,2021-07-08,33845.63,33910.0,32066.0,32852.04,650317.664
670,2021-07-09,32855.0,34100.0,32250.0,33805.01,485662.879
671,2021-07-10,33805.01,34248.58,33010.0,33497.98,410271.979
672,2021-07-11,33497.98,34629.62,33306.03,34253.81,343905.35
673,2021-07-12,34253.88,34662.73,32650.0,33070.87,502747.758
674,2021-07-13,33070.86,33336.0,32186.99,32709.09,466567.713
675,2021-07-14,32708.66,33176.47,31556.02,32803.01,521140.41
676,2021-07-15,32803.0,33170.0,31140.0,31866.43,539111.667
677,2021-07-16,31865.53,32245.0,31018.59,31382.95,516577.743
678,2021-07-17,31382.96,31945.0,31150.02,31496.65,422650.418
679,2021-07-18,31496.65,32435.93,31075.1,31767.0,412189.401
680,2021-07-19,31765.23,31890.0,30358.77,30823.62,486305.627
681,2021-07-20,30823.62,31050.0,29242.24,29775.9,602688.19
682,2021-07-21,29775.89,32883.9,29472.41,32120.0,787077.39
683,2021-07-22,32120.0,32583.48,31700.0,32268.11,397258.936
684,2021-07-23,32268.12,33650.0,31970.82,33634.46,404650.016
685,2021-07-24,33631.74,34471.0,33379.81,34230.0,376046.028
686,2021-07-25,34230.0,35400.0,33812.0,35370.66,404114.844
687,2021-07-26,35370.67,48168.6,35185.49,37218.09,1162332.857
688,2021-07-27,37218.09,39546.34,36384.31,39442.33,675104.157
689,2021-07-28,39448.06,40894.0,38753.0,40003.08,736196.234
690,2021-07-29,40003.08,40665.0,39203.83,40012.9,463917.872
691,2021-07-30,40012.89,42316.6,38320.0,42203.25,561474.309
692,2021-07-31,42202.6,42494.0,41030.19,41448.11,381521.899
693,2021-08-01,41448.1,42614.98,39350.4,39846.78,487529.044
694,2021-08-02,39846.78,40450.0,38658.0,39147.48,451872.128
695,2021-08-03,39147.47,39774.93,37600.0,38203.26,517219.517
696,2021-08-04,38201.33,39975.32,37500.0,39731.31,479560.473
697,2021-08-05,39731.31,41350.0,37291.0,40882.4,746249.712
698,2021-08-06,40882.39,43400.0,39849.82,42825.43,653451.154
699,2021-08-07,42825.43,44753.01,42395.2,44601.11,583750.891
700,2021-08-08,44601.11,45350.0,43265.0,43787.71,553684.698
701,2021-08-09,43787.71,46483.0,42785.0,46259.7,626220.503
702,2021-08-10,46259.7,46800.0,44670.05,45589.99,460478.861
703,2021-08-11,45589.99,46754.27,45354.0,45522.12,390660.571
704,2021-08-12,45522.13,46226.67,43800.0,44385.09,468276.056
705,2021-08-13,44385.09,47980.69,44208.88,47792.52,438025.46
706,2021-08-14,47792.52,48300.0,46000.0,47083.74,374368.796
707,2021-08-15,47083.75,47388.75,45480.0,47006.02,370950.807
708,2021-08-16,47006.02,48074.23,45682.03,45926.23,412537.605
709,2021-08-17,45926.23,47194.0,44412.01,44704.84,474316.4
710,2021-08-18,44704.85,46050.0,44227.32,44714.09,395836.158
711,2021-08-19,44714.09,47100.0,43938.38,46772.0,439402.162
712,2021-08-20,46772.0,49500.0,46650.0,49332.74,401499.081
713,2021-08-21,49332.99,49833.0,48250.0,48848.29,347594.451
714,2021-08-22,48846.11,49556.2,48075.81,49273.28,294672.223
715,2021-08-23,49273.28,50600.0,49075.01,49523.91,355733.496
716,2021-08-24,49523.23,49888.88,47600.0,47719.36,398682.002
717,2021-08-25,47719.37,49297.8,47130.57,48992.65,389100.384
718,2021-08-26,48992.65,49380.0,46280.0,46853.06,475183.123
719,2021-08-27,46854.22,49220.0,46359.97,49083.98,403667.012
720,2021-08-28,49082.13,49333.0,48395.65,48931.99,222793.024
721,2021-08-29,48931.99,49769.2,47741.31,48795.41,315105.499
722,2021-08-30,48795.42,48916.25,46876.49,47024.7,351830.754
723,2021-08-31,47024.69,48298.0,46731.03,47150.32,365548.209
724,2021-09-01,47150.32,49160.79,46550.99,48842.94,350108.374
725,2021-09-02,48842.93,50420.0,48631.2,49299.14,361863.055
726,2021-09-03,49299.14,51111.0,48333.0,50027.08,430326.386
727,2021-09-04,50027.09,50582.08,49360.0,49940.74,274956.842
728,2021-09-05,49942.2,51950.0,49462.59,51799.57,288984.124
729,2021-09-06,51799.56,52830.0,51040.0,52683.97,297734.284
730,2021-09-07,52683.98,52950.0,42088.0,46864.39,764140.139
731,2021-09-08,46864.38,47347.0,44431.0,46062.29,435803.011
732,2021-09-09,46060.02,47400.0,45500.0,46413.88,309015.75
733,2021-09-10,46413.88,47037.5,44120.0,44860.83,343533.069
734,2021-09-11,44860.83,45999.0,44737.4,45193.78,194144.115
735,2021-09-12,45194.19,46512.2,44746.51,46046.73,223534.63
736,2021-09-13,46048.02,46933.89,43323.93,44975.96,448942.068
737,2021-09-14,44975.96,47272.98,44692.9,47087.18,277925.721
738,2021-09-15,47087.18,48440.93,46675.0,48106.12,244226.37
739,2021-09-16,48106.13,48488.0,47038.21,47745.55,260044.727
740,2021-09-17,47745.55,48150.0,46750.0,47303.11,226193.34
741,2021-09-18,47303.11,48850.0,47044.32,48285.15,207900.413
742,2021-09-19,48284.61,48364.64,46840.0,47256.91,212631.933
743,2021-09-20,47256.92,47345.0,42467.86,43026.6,600764.629
744,2021-09-21,43026.61,43629.6,39503.58,40726.1,683242.002
745,2021-09-22,40727.83,43989.98,40551.49,43520.0,400849.752
746,2021-09-23,43520.0,44976.48,43056.0,44828.29,330253.525
747,2021-09-24,44828.29,45134.33,40650.0,42798.49,608595.52
748,2021-09-25,42798.49,42950.0,41630.26,42651.58,277084.795
749,2021-09-26,42646.84,43940.0,40725.01,43150.0,354393.916
750,2021-09-27,43150.01,44350.0,42059.13,42122.69,285311.606
751,2021-09-28,42122.69,42749.0,40854.0,41006.32,359745.538
752,2021-09-29,41002.96,42576.8,40708.73,41499.71,293307.589
753,2021-09-30,41499.7,44100.0,41387.78,43796.57,389185.646
754,2021-10-01,43799.49,48450.0,43260.01,48123.94,449491.768
755,2021-10-02,48123.93,48338.68,47410.0,47626.61,182565.988
756,2021-10-03,47626.62,49304.12,47071.26,48187.3,212410.375
757,2021-10-04,48187.99,49544.48,46885.29,49198.22,324424.837
758,2021-10-05,49199.78,51888.0,49009.21,51455.12,314043.813
759,2021-10-06,51460.22,56416.02,50410.0,55321.6,418731.748
760,2021-10-07,55327.45,55337.8,53374.34,53814.99,262974.545
761,2021-10-08,53814.99,56208.73,53647.3,53975.0,255210.035
762,2021-10-09,53974.99,55589.0,53656.66,54960.77,167495.393
763,2021-10-10,54960.79,56789.0,54101.0,54700.0,289072.818
764,2021-10-11,54700.0,57880.0,54458.0,57500.01,314868.05
765,2021-10-12,57500.01,57756.52,53750.0,56011.84,349147.775
766,2021-10-13,56011.83,57822.38,54271.24,57393.65,327714.318
767,2021-10-14,57393.65,58586.67,56800.0,57378.19,254719.751
768,2021-10-15,57377.12,63997.61,56900.0,61702.33,493366.513
769,2021-10-16,61702.33,62444.23,60220.0,60925.56,213251.899
770,2021-10-17,60925.56,61796.47,58850.0,61571.45,240132.514
771,2021-10-18,61571.45,62800.0,59897.61,62037.92,333278.481
772,2021-10-19,62037.92,64500.0,61300.0,64316.7,379243.718
773,2021-10-20,64314.75,67150.0,63518.81,66064.24,324737.868
774,2021-10-21,66064.25,66750.0,62000.0,62260.33,478610.458
775,2021-10-22,62260.33,63796.2,60011.9,60734.27,350359.527
776,2021-10-23,60734.28,61780.0,59622.0,61325.11,222553.478
777,2021-10-24,61325.09,61550.0,59504.46,60902.82,245816.821
778,2021-10-25,60902.82,63795.98,60701.0,63127.04,234201.1
779,2021-10-26,63129.25,63362.06,59838.05,60358.75,252256.924
780,2021-10-27,60358.74,61550.0,57865.0,58449.36,329112.396
781,2021-10-28,58449.36,62641.26,57550.0,60622.03,333323.116
782,2021-10-29,60622.02,63069.71,60222.0,62308.22,218355.773
783,2021-10-30,62308.21,62415.85,60631.23,61895.19,156041.523
784,2021-10-31,61895.19,62462.99,60008.0,61348.61,183599.524
785,2021-11-01,61347.14,62543.58,59400.0,60942.87,246158.361
786,2021-11-02,60942.87,64349.55,60659.58,63266.69,217592.062
787,2021-11-03,63266.69,63613.0,60300.0,62946.45,211190.183
788,2021-11-04,62946.45,63149.0,60703.0,61431.86,184677.079
789,2021-11-05,61433.9,62671.48,60762.0,61006.0,157569.637
790,2021-11-06,61006.0,61645.75,60100.0,61511.3,154919.118
791,2021-11-07,61511.3,63377.58,61368.26,63316.4,142878.208
792,2021-11-08,63316.4,67932.89,63308.7,67606.96,274932.146
793,2021-11-09,67606.96,68675.16,66300.0,67009.98,231843.834
794,2021-11-10,67010.65,69198.7,62400.51,64920.13,347835.573
795,2021-11-11,64920.13,65646.98,64147.12,64831.3,178279.275
796,2021-11-12,64831.2,65500.0,62313.0,64156.08,264576.325
797,2021-11-13,64156.08,65073.24,63430.01,64427.0,124466.493
798,2021-11-14,64426.99,65569.99,63640.0,65568.39,146424.701
799,2021-11-15,65568.38,66395.05,63351.58,63654.49,210026.602
800,2021-11-16,63654.49,63655.77,58397.14,60106.03,475025.706
801,2021-11-17,60106.03,60848.85,58336.68,60366.96,287388.873
802,2021-11-18,60366.97,60999.0,56505.48,56921.05,412021.672
803,2021-11-19,56921.04,58333.0,55604.0,58069.51,245356.121
804,2021-11-20,58069.52,59873.84,57372.0,59716.29,173697.342
805,2021-11-21,59716.28,60052.82,58518.88,58661.39,143887.271
806,2021-11-22,58648.87,59624.56,55600.0,56268.31,326184.881
807,2021-11-23,56268.31,57888.0,55250.0,57574.23,267790.325
808,2021-11-24,57574.24,57775.27,55900.0,57165.08,194683.757
809,2021-11-25,57165.09,59449.62,57029.0,58988.21,191912.653
810,2021-11-26,58988.36,59186.41,53500.0,53755.65,378650.919
811,2021-11-27,53755.66,55300.0,53640.69,54738.77,155119.117
812,2021-11-28,54738.77,57474.76,53245.0,57315.73,213600.615
813,2021-11-29,57315.72,58924.21,56715.0,57827.98,215111.466
814,2021-11-30,57827.97,59224.99,55900.0,56975.0,337624.148
815,2021-12-01,56978.06,59100.0,56500.0,57209.29,273959.104
816,2021-12-02,57209.28,57428.49,55800.0,56513.57,249985.255
817,2021-12-03,56513.56,57670.0,50604.0,53612.0,374132.016
818,2021-12-04,53611.86,53889.69,40888.89,49135.66,598774.989
819,2021-12-05,49135.66,49699.49,47755.0,49376.6,286434.382
820,2021-12-06,49373.83,50888.0,47000.0,50424.72,357711.029
821,2021-12-07,50424.72,51929.0,50012.0,50577.2,224670.618
822,2021-12-08,50577.2,51210.6,48533.33,50455.61,238229.884
823,2021-12-09,50459.61,50773.03,47312.89,47539.76,273086.086
824,2021-12-10,47539.34,50188.42,46828.23,47136.35,302974.429
825,2021-12-11,47132.31,49499.05,46724.35,49381.15,210959.992
826,2021-12-12,49379.51,50768.0,48616.16,50057.01,183434.285
827,2021-12-13,50057.02,50180.0,45600.0,46679.93,348551.322
828,2021-12-14,46679.93,48657.92,46255.6,48324.04,266213.627
829,2021-12-15,48324.0,49479.75,46518.73,48870.48,345239.891
830,2021-12-16,48870.48,49439.79,47500.0,47624.5,215874.187
831,2021-12-17,47629.1,47988.27,45373.11,46125.33,326458.135
832,2021-12-18,46125.33,47336.99,45438.43,46815.99,191006.415
833,2021-12-19,46815.99,48461.17,46399.37,46668.63,241698.541
834,2021-12-20,46668.65,47533.42,45530.67,46898.14,273804.259
835,2021-12-21,46896.82,49298.78,46650.0,48875.15,260008.358
836,2021-12-22,48875.88,49599.0,48420.02,48569.69,208463.689
837,2021-12-23,48569.69,51377.74,48020.0,50817.92,255885.48
838,2021-12-24,50817.94,51805.0,50379.25,50808.55,220208.725
839,2021-12-25,50809.37,51190.0,50105.0,50403.64,147662.438
840,2021-12-26,50403.64,51300.0,49350.0,50765.73,184800.616
841,2021-12-27,50765.73,52134.0,50450.0,50707.72,216225.263
842,2021-12-28,50707.72,50713.56,47290.0,47522.03,336083.34
843,2021-12-29,47522.02,48125.97,46000.0,46436.54,274795.378
844,2021-12-30,46436.53,47911.68,45880.0,47095.02,229931.288
845,2021-12-31,47095.02,48575.0,45650.0,46210.56,287186.003
846,2022-01-01,46210.57,47943.77,46210.55,47704.35,179433.584
847,2022-01-02,47704.35,48000.0,46605.68,47280.0,184795.093
848,2022-01-03,47280.01,47575.22,45665.4,46445.81,244781.793
849,2022-01-04,46445.8,47524.36,45445.57,45833.42,292149.75
850,2022-01-05,45833.41,47075.29,42270.0,43421.69,485477.569
851,2022-01-06,43421.7,43766.0,42385.83,43080.01,299509.851
852,2022-01-07,43080.01,43135.0,40456.56,41553.86,473214.849
853,2022-01-08,41553.87,42335.0,40500.0,41688.05,283737.224
854,2022-01-09,41688.05,42773.85,41170.0,41851.22,223134.952
855,2022-01-10,41851.22,42219.84,39610.0,41801.55,453644.116
856,2022-01-11,41801.55,43118.0,41255.0,42700.68,323760.691
857,2022-01-12,42700.69,44300.0,42415.0,43880.72,281339.294
858,2022-01-13,43880.72,44396.68,42301.16,42534.32,289289.18
859,2022-01-14,42538.72,43450.0,41666.0,43042.4,272517.077
860,2022-01-15,43042.4,43800.0,42530.64,43070.51,184649.157
861,2022-01-16,43070.51,43464.71,42531.69,43060.66,177450.475
862,2022-01-17,43060.66,43159.32,41523.68,42176.34,232748.345
863,2022-01-18,42176.34,42680.0,41260.0,42337.58,267472.465
864,2022-01-19,42337.58,42545.0,41115.64,41657.89,333952.095
865,2022-01-20,41656.9,43495.0,40550.0,40661.69,399818.052
866,2022-01-21,40662.06,41095.76,35380.92,36425.98,790320.909
867,2022-01-22,36426.46,36817.74,33950.0,35043.73,676272.904
868,2022-01-23,35043.73,36496.92,34588.8,36230.01,369372.903
869,2022-01-24,36230.0,37528.0,32853.83,36648.31,823000.702
870,2022-01-25,36648.3,37561.03,35693.0,36934.26,409535.517
871,2022-01-26,36934.26,38886.58,36232.42,36787.43,554457.384
872,2022-01-27,36787.42,37200.0,35471.53,37131.0,422006.922
873,2022-01-28,37131.0,38000.0,36149.02,37696.21,367509.143
874,2022-01-29,37696.22,38750.94,37252.0,38150.01,238657.764
875,2022-01-30,38150.0,38420.3,37334.83,37870.01,195029.125
876,2022-01-31,37870.0,38741.73,36620.0,38439.04,318440.392
877,2022-02-01,38439.04,39260.26,37969.0,38680.51,353354.121
878,2022-02-02,38680.51,38834.18,36529.81,36892.03,337570.934
879,2022-02-03,36892.05,37395.0,36204.3,37289.86,318656.228
880,2022-02-04,37287.33,41741.76,37011.0,41550.0,520105.77
881,2022-02-05,41550.0,41922.0,40920.0,41374.69,242184.07
882,2022-02-06,41374.68,42656.8,41100.0,42361.35,215323.95
883,2022-02-07,42361.34,44541.16,41609.76,43829.99,418053.774
884,2022-02-08,43829.99,45600.0,42641.0,44021.57,468015.421
885,2022-02-09,44021.58,44826.0,43089.08,44358.08,300270.062
886,2022-02-10,44358.09,45847.5,43136.96,43471.29,563922.075
887,2022-02-11,43471.3,43900.0,41914.23,42366.0,414646.193
888,2022-02-12,42365.99,42980.0,41540.0,42199.87,256269.325
889,2022-02-13,42199.88,42755.97,41850.0,42041.13,192068.012
890,2022-02-14,42041.12,42888.0,41526.0,42525.14,303990.933
891,2022-02-15,42525.14,44777.0,42406.23,44529.6,276735.421
892,2022-02-16,44529.7,44536.8,43277.8,43860.7,255790.287
893,2022-02-17,43860.8,44150.0,40020.1,40491.7,433958.984
894,2022-02-18,40491.8,40944.1,39422.0,39966.8,377679.782
895,2022-02-19,39966.8,40438.7,39610.3,40052.6,185624.675
896,2022-02-20,40052.6,40100.1,37905.0,38368.1,329740.444
897,2022-02-21,38367.9,39510.0,36762.0,36986.4,646391.815
898,2022-02-22,36986.4,38450.0,36310.1,38212.0,465313.497
899,2022-02-23,38212.1,39250.0,36963.2,37227.8,408056.255
900,2022-02-24,37227.9,40376.1,34303.7,38315.1,919820.907
901,2022-02-25,38316.2,39750.0,37999.2,39205.4,416316.366
902,2022-02-26,39205.4,40441.1,38561.7,39099.3,251892.201
903,2022-02-27,39099.3,39868.6,36934.6,37672.0,423197.247
904,2022-02-28,37672.1,44341.0,37414.4,43155.0,615391.161
905,2022-03-01,43155.0,44935.0,42765.4,44394.1,448483.646
906,2022-03-02,44393.6,45350.0,43321.0,43885.7,407603.721
907,2022-03-03,43885.8,44080.0,41831.0,42449.5,365565.832
908,2022-03-04,42449.6,42525.3,38521.0,39127.7,469138.374
909,2022-03-05,39127.7,39580.0,38547.6,39375.1,198747.893
910,2022-03-06,39375.0,39690.0,38056.0,38401.1,311705.26
911,2022-03-07,38401.1,39550.0,37134.0,37963.8,490254.516
912,2022-03-08,37963.7,39340.5,37853.0,38709.9,421462.367
913,2022-03-09,38709.9,42647.5,38638.7,41937.5,462059.811
914,2022-03-10,41939.5,42034.3,38512.0,39407.2,520645.186
915,2022-03-11,39407.1,40242.0,38200.1,38713.0,467078.892
916,2022-03-12,38713.1,39578.4,38630.0,38792.6,172494.825
917,2022-03-13,38792.7,39300.0,37500.0,37743.7,236623.694
918,2022-03-14,37743.0,39989.0,37522.1,39653.8,360058.358
919,2022-03-15,39651.6,39901.8,38073.8,39271.0,345019.243
920,2022-03-16,39270.9,41804.0,38700.0,41105.8,650589.661
921,2022-03-17,41105.9,41498.4,40442.8,40898.1,243988.794
922,2022-03-18,40898.0,42322.8,40084.2,41751.5,299134.443
923,2022-03-19,41751.6,42446.6,41500.0,42188.2,186459.954
924,2022-03-20,42188.2,42269.3,40900.0,41261.0,235774.129
925,2022-03-21,41261.0,41544.4,40430.0,40982.0,308396.46
926,2022-03-22,40982.0,43517.7,40852.0,42349.8,374297.674
927,2022-03-23,42349.9,43051.0,41731.3,42867.9,282631.74
928,2022-03-24,42867.8,44200.0,42525.0,43973.4,331440.057
929,2022-03-25,43973.2,45142.0,43575.1,44290.6,348620.122
930,2022-03-26,44290.6,44785.0,44041.0,44489.2,140712.587
931,2022-03-27,44489.3,47047.0,44416.0,46820.8,269280.228
932,2022-03-28,46820.9,48200.0,46651.2,47121.9,317565.782
933,2022-03-29,47121.8,48100.0,46911.0,47418.5,259040.835
934,2022-03-30,47418.5,47688.6,46535.0,47053.2,235009.892
935,2022-03-31,47053.1,47619.4,45185.0,45506.0,299837.61
936,2022-04-01,45505.9,46700.0,44206.2,46266.2,360734.553
937,2022-04-02,46266.2,47236.8,45600.0,45794.6,226413.357
938,2022-04-03,45792.3,47448.0,45501.0,46392.4,212589.013
939,2022-04-04,46392.3,46895.5,45094.0,46580.9,272796.541
940,2022-04-05,46580.9,47188.0,45300.0,45477.4,257524.639
941,2022-04-06,45477.5,45494.2,43100.0,43159.7,384359.375
942,2022-04-07,43159.8,43888.0,42685.0,43417.1,229567.98
943,2022-04-08,43417.1,43968.1,42074.0,42229.2,310095.829
944,2022-04-09,42229.1,42796.7,42100.3,42727.7,119722.654
945,2022-04-10,42727.8,43399.4,41838.0,42140.4,181904.47
946,2022-04-11,42140.3,42399.9,39136.7,39505.6,439530.02
947,2022-04-12,39505.6,40700.0,39224.0,40060.7,349883.631
948,2022-04-13,40060.7,41580.0,39569.8,41129.8,324910.931
949,2022-04-14,41129.8,41474.8,39522.0,39915.9,261966.391
950,2022-04-15,39915.9,40888.0,39734.2,40529.5,194680.671
951,2022-04-16,40529.6,40700.0,39944.9,40361.0,127705.057
952,2022-04-17,40360.9,40574.1,39510.0,39649.1,170331.824
953,2022-04-18,39649.1,41310.0,38465.7,40785.6,362435.319
954,2022-04-19,40785.7,41788.0,40543.7,41472.9,214404.271
955,2022-04-20,41472.9,42166.8,40800.0,41327.7,257382.427
956,2022-04-21,41326.0,42966.0,39630.0,40449.8,393149.956
957,2022-04-22,40449.7,40786.1,39133.0,39674.2,314935.753
958,2022-04-23,39674.3,40000.0,39259.0,39415.1,125046.817
959,2022-04-24,39413.8,39930.6,38884.1,39433.4,180371.762
960,2022-04-25,39433.4,40650.0,38111.0,40411.0,448877.893
961,2022-04-26,40411.0,40800.0,37671.8,38093.7,453132.198
962,2022-04-27,38093.7,39470.0,37844.5,39209.0,385645.365
963,2022-04-28,39209.0,40376.6,38861.8,39732.5,413543.408
964,2022-04-29,39732.5,39924.8,38160.0,38572.2,308116.375
965,2022-04-30,38572.2,38782.6,37550.0,37614.5,181810.382
966,2022-05-01,37614.4,38680.6,37350.0,38440.5,236549.462
967,2022-05-02,38440.2,39222.0,38032.2,38525.6,336845.365
968,2022-05-03,38525.5,38674.7,37500.1,37712.9,248986.222
969,2022-05-04,37713.0,40071.7,37655.2,39684.0,424498.818
970,2022-05-05,39684.1,39845.0,35388.0,36534.7,547209.0
971,2022-05-06,36533.7,36679.3,35200.0,35995.3,431979.24
972,2022-05-07,35995.2,36138.0,34700.0,35466.7,200264.833
973,2022-05-08,35466.7,35504.0,33665.0,34032.0,426872.584
974,2022-05-09,34032.1,34243.3,30003.6,30056.6,1078779.712
975,2022-05-10,30056.0,32650.0,29701.4,31002.1,863178.961
976,2022-05-11,31002.1,32197.6,27651.0,29074.7,1101875.972
977,2022-05-12,29077.9,30257.0,26631.0,29020.7,964475.589
978,2022-05-13,29020.8,31072.6,28730.4,29274.3,507620.105
979,2022-05-14,29274.2,30352.2,28602.3,30079.8,315756.895
980,2022-05-15,30079.5,31462.0,29448.0,31324.4,336773.139
981,2022-05-16,31324.3,31327.4,29052.3,29866.7,507243.166
982,2022-05-17,29866.4,30794.0,29420.0,30437.0,398624.519
983,2022-05-18,30437.0,30700.0,28629.6,28700.6,426700.457
984,2022-05-19,28700.6,30550.0,28670.5,30319.9,448856.724
985,2022-05-20,30319.9,30784.4,28702.0,29188.9,485439.171
986,2022-05-21,29188.9,29650.0,28927.0,29427.4,202804.089
987,2022-05-22,29427.4,30500.0,29223.6,30284.0,297116.44
988,2022-05-23,30284.0,30658.0,28840.7,29097.7,475720.75
989,2022-05-24,29097.8,29887.3,28637.6,29643.1,382124.449
990,2022-05-25,29643.0,30246.7,29330.0,29536.7,413459.484
991,2022-05-26,29536.7,29877.0,27952.1,29194.0,602137.086
992,2022-05-27,29194.0,29387.0,28259.6,28623.2,506638.884
993,2022-05-28,28623.3,29265.7,28520.0,29018.8,193644.283
994,2022-05-29,29018.8,29595.2,28825.0,29452.8,215139.934
995,2022-05-30,29452.6,32307.6,29301.1,31726.5,502712.176
996,2022-05-31,31726.5,32427.5,31222.0,31797.8,383688.265
997,2022-06-01,31797.9,31986.1,29300.0,29796.9,556992.756
998,2022-06-02,29796.9,30750.0,29566.1,30437.1,370924.687
999,2022-06-03,30437.1,30693.2,29220.0,29682.8,357110.377
1000,2022-06-04,29682.8,29988.0,29456.0,29848.4,187520.534
1001,2022-06-05,29848.5,30250.0,29524.0,29909.9,205385.831
1002,2022-06-06,29910.0,31780.0,29876.2,31361.2,436522.874
1003,2022-06-07,31361.2,31599.0,29190.0,31118.1,691714.985
1004,2022-06-08,31118.0,31325.0,29825.0,30192.5,455686.637
1005,2022-06-09,30192.6,30691.9,29914.5,30093.3,307312.175
1006,2022-06-10,30093.4,30374.1,28805.0,29077.7,445928.659
1007,2022-06-11,29077.7,29427.9,28080.0,28416.7,391367.814
1008,2022-06-12,28416.6,28530.3,26538.7,26564.7,560834.131
1009,2022-06-13,26564.7,26877.0,21900.0,22471.5,1622521.56
1010,2022-06-14,22471.4,23424.2,20823.0,22122.7,1247609.796
1011,2022-06-15,22122.7,22800.0,20100.2,22567.5,1509301.169
1012,2022-06-16,22567.5,23000.0,20222.0,20387.4,882634.22
1013,2022-06-17,20387.4,21388.0,20228.0,20457.3,776153.257
1014,2022-06-18,20457.3,20768.4,17593.2,18959.7,1268591.388
1015,2022-06-19,18959.7,20821.0,17935.9,20564.2,1089275.674
1016,2022-06-20,20564.3,21099.9,19630.0,20570.1,935816.13
1017,2022-06-21,20570.0,21740.0,20337.8,20713.1,787173.936
1018,2022-06-22,20713.1,20888.0,19745.7,19977.4,812184.193
1019,2022-06-23,19977.5,21250.0,19874.0,21096.6,698753.04
1020,2022-06-24,21096.6,21563.5,20732.5,21231.2,645450.778
1021,2022-06-25,21231.2,21627.6,20894.0,21481.9,434117.447
1022,2022-06-26,21481.9,21888.0,20952.0,21029.1,442787.736
1023,2022-06-27,21029.1,21560.0,20500.0,20730.0,539335.009
1024,2022-06-28,20730.0,21198.0,20188.0,20268.6,582916.108
1025,2022-06-29,20268.7,20430.0,19817.2,20109.9,608905.99
1026,2022-06-30,20109.9,20165.0,18563.0,19923.5,859981.415
1027,2022-07-01,19923.3,20926.4,18948.8,19272.0,915399.363
1028,2022-07-02,19272.0,19456.0,18959.0,19240.9,382851.525
1029,2022-07-03,19241.0,19645.4,18780.1,19305.9,449508.331
1030,2022-07-04,19306.0,20350.0,19046.3,20226.6,633310.187
1031,2022-07-05,20226.3,20749.2,19291.6,20170.0,854238.867
1032,2022-07-06,20170.1,20667.6,19753.0,20554.1,682076.458
1033,2022-07-07,20554.2,21830.0,20244.9,21613.4,699841.616
1034,2022-07-08,21614.5,22579.9,21175.2,21587.9,848144.495
1035,2022-07-09,21587.8,22000.0,21309.6,21580.0,393372.366
1036,2022-07-10,21580.0,21594.2,20600.0,20853.8,468176.539
1037,2022-07-11,20853.8,20853.9,19870.0,19954.3,561245.987
1038,2022-07-12,19954.3,20048.9,19228.3,19322.9,640560.723
1039,2022-07-13,19322.9,20401.6,18901.0,20220.1,975938.165
1040,2022-07-14,20220.1,20900.0,19600.0,20578.6,765989.53
1041,2022-07-15,20578.6,21200.0,20364.3,20823.1,626763.692
1042,2022-07-16,20823.1,21580.0,20471.0,21183.5,539206.87
1043,2022-07-17,21183.6,21674.1,20742.0,20794.4,485537.728
1044,2022-07-18,20794.4,22800.0,20764.4,22423.9,982867.734
1045,2022-07-19,22423.5,23817.9,21575.0,23385.9,1124029.082
1046,2022-07-20,23385.9,24277.0,22912.4,23221.5,946647.815
1047,2022-07-21,23221.5,23441.1,22340.2,23144.5,723543.466
1048,2022-07-22,23144.5,23750.0,22500.0,22675.1,633907.934
1049,2022-07-23,22675.0,22990.0,21933.5,22440.2,505887.673
1050,2022-07-24,22440.1,22999.0,22256.4,22570.6,462958.953
1051,2022-07-25,22570.6,22656.8,21232.0,21300.0,695770.655
1052,2022-07-26,21300.0,21334.4,20689.6,21241.0,552498.903
1053,2022-07-27,21241.0,23100.0,21031.0,22941.1,753370.303
1054,2022-07-28,22941.1,24194.6,22583.1,23836.2,756741.836
1055,2022-07-29,23836.2,24500.0,23426.3,23771.1,642337.051
1056,2022-07-30,23771.0,24700.0,23505.0,23629.9,493824.816
1057,2022-07-31,23630.0,24187.3,23222.0,23290.1,385969.85
1058,2022-08-01,23290.1,23497.0,22836.2,23257.6,498378.292
1059,2022-08-02,23257.6,23448.7,22603.0,22975.1,625227.912
1060,2022-08-03,22975.1,23650.0,22665.3,22801.5,569261.768
1061,2022-08-04,22801.5,23211.3,22370.0,22608.9,548268.816
1062,2022-08-05,22608.9,23450.0,22580.6,23298.1,593992.13
1063,2022-08-06,23298.0,23341.8,22883.6,22943.3,227659.394
1064,2022-08-07,22943.2,23400.0,22830.9,23167.8,271512.062
1065,2022-08-08,23167.9,24243.0,23153.1,23804.4,565084.219
1066,2022-08-09,23804.3,23913.4,22850.0,23140.2,498286.943
1067,2022-08-10,23140.1,24235.2,22608.0,23940.9,760738.204
1068,2022-08-11,23941.0,24972.0,23840.6,23917.2,760455.245
1069,2022-08-12,23917.3,24438.8,23560.0,24387.5,477734.045
1070,2022-08-13,24387.5,24879.0,24267.5,24429.0,431093.659
1071,2022-08-14,24429.0,25065.0,24138.0,24294.1,437314.32
1072,2022-08-15,24294.1,25200.0,23762.0,24085.2,739390.721
1073,2022-08-16,24085.2,24234.0,23650.0,23843.0,460919.994
1074,2022-08-17,23843.0,24437.0,23170.0,23333.1,640600.903
1075,2022-08-18,23333.1,23595.0,23101.0,23185.1,347699.006
1076,2022-08-19,23185.0,23200.0,20760.0,20824.9,906609.825
1077,2022-08-20,20825.0,21368.9,20742.9,21127.8,490507.042
1078,2022-08-21,21127.7,21804.6,21055.0,21505.6,424282.424
1079,2022-08-22,21505.6,21550.0,20858.6,21387.0,588764.597
1080,2022-08-23,21387.0,21667.2,20874.8,21518.2,609745.27
1081,2022-08-24,21518.2,21925.6,21132.3,21354.9,502728.198
1082,2022-08-25,21355.0,21810.9,21295.3,21548.3,415757.992
1083,2022-08-26,21548.3,21867.6,20100.0,20228.7,896474.356
1084,2022-08-27,20228.7,20367.7,19744.0,20023.9,469598.024
1085,2022-08-28,20024.0,20155.0,19508.0,19547.5,386405.195
1086,2022-08-29,19547.5,20440.0,19539.4,20275.5,598076.669
1087,2022-08-30,20275.5,20574.0,19524.4,19803.1,767714.993
1088,2022-08-31,19803.2,20496.0,19787.9,20041.5,711639.339
1089,2022-09-01,20041.4,20198.3,19555.0,20122.5,691594.721
1090,2022-09-02,20122.6,20434.3,19736.0,19941.0,669047.816
1091,2022-09-03,19941.0,20050.0,19628.7,19820.7,285240.989
1092,2022-09-04,19820.7,20022.4,19570.0,19992.7,396798.184
1093,2022-09-05,19992.7,20046.7,19620.2,19784.9,446706.41
1094,2022-09-06,19784.9,20174.7,18600.0,18781.5,945489.142
1095,2022-09-07,18781.4,19455.0,18500.0,19287.0,595636.693
1096,2022-09-08,19287.0,19450.0,19003.8,19309.3,537268.644
1097,2022-09-09,19309.3,21666.0,19283.0,21352.0,992497.1
1098,2022-09-10,21352.0,21825.0,21112.2,21639.5,491543.206
1099,2022-09-11,21639.5,21883.4,21336.0,21820.3,420979.326
1100,2022-09-12,21820.3,22474.0,21540.0,22386.0,818601.932
1101,2022-09-13,22386.0,22850.0,19840.0,20162.5,1218769.927
1102,2022-09-14,20162.6,20528.5,19600.0,20217.0,661802.597
1103,2022-09-15,20217.0,20315.0,19453.0,19690.8,665862.067
1104,2022-09-16,19690.8,19878.0,19300.0,19792.5,544608.804
1105,2022-09-17,19792.4,20182.6,19739.4,20102.0,334678.558
1106,2022-09-18,20102.0,20105.3,19325.8,19404.5,499916.474
1107,2022-09-19,19404.5,19686.3,18215.0,19528.6,993776.352
1108,2022-09-20,19528.6,19625.0,18690.1,18866.8,794623.932
1109,2022-09-21,18866.7,20154.1,18084.3,18447.5,1168068.979
1110,2022-09-22,18447.5,19504.8,18345.2,19392.5,852898.391
1111,2022-09-23,19392.5,19492.0,18518.5,19280.7,838493.746
1112,2022-09-24,19280.7,19304.5,18798.0,18911.0,377158.215
1113,2022-09-25,18910.9,19196.0,18621.0,18799.7,410461.603
1114,2022-09-26,18799.7,19311.5,18671.0,19216.3,777807.518
1115,2022-09-27,19216.3,20375.0,18801.5,19070.1,1300566.158
1116,2022-09-28,19070.1,19787.6,18460.0,19407.3,1141222.772
1117,2022-09-29,19407.4,19648.8,18827.2,19582.5,991678.224
1118,2022-09-30,19582.5,20172.7,19066.0,19411.7,1071462.934
1119,2022-10-01,19411.6,19474.0,19140.0,19304.0,294457.009
1120,2022-10-02,19304.0,19389.0,18896.0,19049.4,414970.451
1121,2022-10-03,19049.3,19723.7,18950.8,19622.0,621816.329
1122,2022-10-04,19621.9,20500.0,19480.1,20333.0,796678.762
1123,2022-10-05,20332.9,20356.1,19707.0,20150.0,719577.149
1124,2022-10-06,20149.9,20443.9,19843.3,19954.0,782034.669
1125,2022-10-07,19954.0,20067.0,19304.4,19520.9,673407.102
1126,2022-10-08,19520.9,19619.6,19200.0,19406.2,253257.201
1127,2022-10-09,19406.3,19550.0,19310.0,19430.0,267178.795
1128,2022-10-10,19430.0,19513.0,19000.0,19124.0,560920.904
1129,2022-10-11,19124.1,19260.0,18850.0,19055.0,603358.324
1130,2022-10-12,19055.0,19240.0,18924.3,19148.0,406770.288
1131,2022-10-13,19148.1,19498.6,17917.8,19365.5,1104615.001
1132,2022-10-14,19365.4,19947.9,19059.6,19164.6,861453.21
1133,2022-10-15,19164.6,19218.8,18966.0,19060.4,241520.185
1134,2022-10-16,19060.4,19415.9,19058.0,19251.9,267921.192
1135,2022-10-17,19251.8,19666.0,19148.0,19540.6,502319.759
1136,2022-10-18,19540.7,19706.4,19081.0,19320.9,634343.154
1137,2022-10-19,19320.9,19349.8,19050.0,19116.7,404370.458
1138,2022-10-20,19116.6,19350.0,18882.4,19034.7,537627.048
1139,2022-10-21,19034.8,19240.0,18600.0,19150.9,581878.905
1140,2022-10-22,19151.0,19250.0,19103.5,19195.1,174055.042
1141,2022-10-23,19195.1,19690.0,19050.0,19560.7,358611.542
1142,2022-10-24,19560.6,19593.3,19146.0,19318.1,476676.536
1143,2022-10-25,19318.1,20415.0,19228.0,20068.3,777306.534
1144,2022-10-26,20068.3,21030.0,20041.1,20758.3,841864.982
1145,2022-10-27,20758.4,20863.7,20170.0,20285.5,614910.045
1146,2022-10-28,20285.6,20740.0,19951.0,20582.8,595538.882
1147,2022-10-29,20582.7,21088.0,20547.8,20796.7,482217.17
1148,2022-10-30,20796.7,20925.2,20503.0,20615.6,295389.69
1149,2022-10-31,20615.5,20838.7,20225.4,20482.0,478797.266
1150,2022-11-01,20482.1,20687.0,20320.0,20472.1,314676.187
1151,2022-11-02,20472.1,20796.0,20050.0,20140.1,651535.761
1152,2022-11-03,20140.2,20400.0,20026.0,20199.7,372121.061
1153,2022-11-04,20199.8,21297.0,20171.6,21137.6,824515.215
1154,2022-11-05,21137.6,21473.7,21071.1,21289.9,303983.372
1155,2022-11-06,21289.8,21355.8,20863.3,20900.0,277148.646
1156,2022-11-07,20900.0,21062.6,20374.0,20578.6,554408.316
1157,2022-11-08,20578.5,20685.0,16830.0,18534.0,2046476.313
1158,2022-11-09,18533.9,18574.9,15462.6,15905.0,2065606.412
1159,2022-11-10,15905.0,18230.0,15730.0,17588.0,1497093.602
1160,2022-11-11,17588.0,17678.0,16343.0,17058.3,955344.602
1161,2022-11-12,17058.4,17110.8,16623.8,16806.9,304455.717
1162,2022-11-13,16806.9,16950.0,16210.3,16321.2,349742.836
1163,2022-11-14,16321.3,17188.0,15805.5,16605.2,934392.484
1164,2022-11-15,16605.3,17127.2,16516.7,16888.3,649349.458
1165,2022-11-16,16888.3,17007.4,16358.0,16650.6,537241.645
1166,2022-11-17,16650.7,16741.7,16403.3,16682.1,408989.285
1167,2022-11-18,16682.1,16984.4,16541.1,16689.7,388612.842
1168,2022-11-19,16689.7,16814.5,16543.8,16692.9,171822.915
1169,2022-11-20,16693.0,16743.9,16167.1,16272.6,327599.214
1170,2022-11-21,16272.7,16304.3,15443.2,15773.0,790219.365
1171,2022-11-22,15772.9,16309.0,15610.3,16220.6,579333.644
1172,2022-11-23,16220.5,16703.4,16155.5,16595.8,546714.91
1173,2022-11-24,16595.8,16800.0,16450.0,16592.4,351024.418
1174,2022-11-25,16592.5,16639.9,16331.7,16516.1,306560.116
1175,2022-11-26,16516.2,16699.1,16369.1,16449.2,253401.659
1176,2022-11-27,16449.2,16594.2,16396.0,16422.6,189370.345
1177,2022-11-28,16422.5,16475.0,15984.1,16204.5,497137.869
1178,2022-11-29,16204.6,16543.0,16088.0,16433.2,391410.854
1179,2022-11-30,16433.3,17248.3,16421.5,17153.3,620324.95
1180,2022-12-01,17153.4,17348.5,16851.2,16970.5,411051.309
1181,2022-12-02,16970.5,17096.3,16760.0,17083.0,335039.215
1182,2022-12-03,17083.0,17160.0,16850.1,16879.5,185257.242
1183,2022-12-04,16879.5,17206.2,16874.1,17099.5,292090.868
1184,2022-12-05,17099.5,17430.0,16860.6,16958.3,519961.39
1185,2022-12-06,16958.2,17100.0,16899.9,17078.6,321330.613
1186,2022-12-07,17078.7,17130.0,16655.0,16828.0,337778.925
1187,2022-12-08,16828.0,17294.9,16710.4,17216.0,402157.335
1188,2022-12-09,17216.0,17365.4,17052.0,17122.0,290231.183
1189,2022-12-10,17122.0,17228.6,17081.0,17120.0,141895.207
1190,2022-12-11,17120.1,17265.0,17060.0,17077.3,171004.111
1191,2022-12-12,17077.3,17237.9,16865.0,17200.0,335856.258
1192,2022-12-13,17200.0,18100.0,17076.0,17777.1,596851.291
1193,2022-12-14,17777.1,18400.0,17659.4,17803.9,627511.699
1194,2022-12-15,17804.0,17849.5,17258.0,17351.8,437284.037
1195,2022-12-16,17351.9,17528.0,16521.1,16624.1,622150.245
1196,2022-12-17,16624.1,16790.0,16571.8,16768.0,248465.273
1197,2022-12-18,16768.1,16872.0,16656.0,16730.3,185898.213
1198,2022-12-19,16730.4,16809.6,16210.0,16429.2,344728.552
1199,2022-12-20,16429.2,17049.6,16390.3,16887.2,476171.098
1200,2022-12-21,16887.3,16924.2,16694.2,16819.6,227752.335
1201,2022-12-22,16819.7,16861.9,16556.1,16815.5,306610.961
1202,2022-12-23,16815.5,16960.0,16690.0,16776.4,264553.42
1203,2022-12-24,16776.3,16859.9,16774.4,16828.9,82410.79
1204,2022-12-25,16829.0,16850.0,16700.0,16824.4,144075.843
1205,2022-12-26,16824.5,16936.8,16781.1,16912.9,148128.699
1206,2022-12-27,16912.8,16968.0,16580.0,16698.2,262828.564
1207,2022-12-28,16698.2,16778.3,16455.6,16539.0,344649.858
1208,2022-12-29,16538.9,16659.0,16485.1,16630.3,208591.531
1209,2022-12-30,16630.3,16666.6,16320.0,16601.2,295630.49
1210,2022-12-31,16601.2,16640.0,16461.8,16537.6,134462.156
1211,2023-01-01,16537.5,16618.8,16488.0,16610.3,105502.965
1212,2023-01-02,16610.4,16799.0,16541.2,16666.0,215161.176
1213,2023-01-03,16665.9,16774.0,16600.3,16667.2,203070.205
1214,2023-01-04,16667.3,16984.6,16645.7,16842.1,349747.838
1215,2023-01-05,16842.2,16872.8,16740.4,16823.8,176369.347
1216,2023-01-06,16823.8,17030.0,16664.8,16943.8,316973.629
1217,2023-01-07,16943.9,16973.6,16900.1,16936.5,77973.105
1218,2023-01-08,16936.5,17181.1,16905.0,17124.7,157717.318
1219,2023-01-09,17124.6,17387.8,17098.2,17169.7,400277.809
1220,2023-01-10,17169.6,17485.4,17140.4,17428.8,297320.371
1221,2023-01-11,17428.8,18013.2,17306.4,17935.7,386277.106
1222,2023-01-12,17935.6,19120.0,17902.4,18838.0,1040334.76
1223,2023-01-13,18838.1,19997.8,18711.0,19924.2,806807.832
1224,2023-01-14,19924.3,21544.0,19882.6,20962.8,1010666.683
1225,2023-01-15,20962.8,21073.8,20556.0,20882.7,428486.559
1226,2023-01-16,20882.7,21498.0,20606.6,21188.3,666148.201
1227,2023-01-17,21188.2,21640.0,20827.8,21130.9,547390.593
1228,2023-01-18,21130.8,21672.0,20386.0,20680.0,813785.517
1229,2023-01-19,20680.1,21183.9,20659.9,21068.3,374733.617
1230,2023-01-20,21068.3,22750.0,20856.4,22661.1,723645.2
1231,2023-01-21,22661.0,23390.0,22422.0,22781.9,764681.1
1232,2023-01-22,22781.8,23080.2,22287.0,22704.6,482529.811
1233,2023-01-23,22704.7,23193.1,22500.0,22913.1,525802.84
1234,2023-01-24,22913.3,23158.7,22450.0,22627.4,505615.816
1235,2023-01-25,22627.5,23837.4,22310.5,23060.6,692786.607
1236,2023-01-26,23060.6,23278.7,22843.8,23001.9,427760.786
1237,2023-01-27,23001.9,23500.0,22516.6,23068.0,509920.307
1238,2023-01-28,23068.1,23185.0,22870.8,23015.9,186400.943
1239,2023-01-29,23016.0,23962.7,22961.5,23740.3,562028.231
1240,2023-01-30,23740.2,23804.6,22484.2,22819.9,572537.407
1241,2023-01-31,22819.9,23330.0,22715.3,23119.4,403726.966
1242,2023-02-01,23119.5,23852.4,22747.0,23730.0,571429.711
1243,2023-02-02,23730.1,24281.4,23365.0,23493.1,615740.338
1244,2023-02-03,23493.0,23719.9,23201.0,23424.7,470831.438
1245,2023-02-04,23424.7,23591.4,23250.0,23322.6,197118.393
1246,2023-02-05,23322.6,23436.0,22741.0,22929.2,356665.034
1247,2023-02-06,22929.3,23159.4,22600.0,22757.7,417160.143
1248,2023-02-07,22757.8,23368.6,22742.4,23234.1,447273.494
1249,2023-02-08,23234.1,23450.0,22662.9,22955.9,383465.481
1250,2023-02-09,22955.9,23007.8,21684.7,21793.4,732295.35
1251,2023-02-10,21793.3,21933.8,21405.0,21618.6,439986.497
1252,2023-02-11,21618.6,21891.9,21594.4,21851.3,189249.667
1253,2023-02-12,21851.2,22080.9,21618.0,21771.1,276787.093
1254,2023-02-13,21771.0,21888.0,21338.0,21766.2,511595.693
1255,2023-02-14,21766.1,22320.0,21485.2,22187.4,598791.509
1256,2023-02-15,22187.4,24420.0,22038.5,24332.6,824676.471
1257,2023-02-16,24332.7,25290.0,23518.0,23526.6,959463.159
1258,2023-02-17,23526.6,25043.2,23350.0,24581.5,922717.148
1259,2023-02-18,24581.3,24887.5,24430.6,24636.9,261555.556
1260,2023-02-19,24636.8,25200.0,24179.4,24265.9,543506.628
1261,2023-02-20,24265.9,25140.0,23827.0,24849.9,646401.072
1262,2023-02-21,24849.9,25347.6,24150.0,24443.4,729290.575
1263,2023-02-22,24443.3,24468.5,23572.0,24171.3,730414.101
1264,2023-02-23,24171.3,24588.0,23590.0,23928.8,751339.414
1265,2023-02-24,23928.7,24138.6,22800.0,23175.6,731577.942
1266,2023-02-25,23175.5,23210.5,22700.0,23146.2,310795.648
1267,2023-02-26,23146.2,23675.0,23050.0,23545.3,371395.056
1268,2023-02-27,23545.2,23888.0,23088.0,23480.0,576754.966
1269,2023-02-28,23480.0,23592.8,23010.0,23129.6,456919.838
1270,2023-03-01,23129.7,24022.7,23008.4,23619.8,617250.311
1271,2023-03-02,23619.8,23790.5,23183.0,23457.1,419256.601
1272,2023-03-03,23457.1,23468.5,21883.2,22342.8,608518.137
1273,2023-03-04,22342.8,22400.0,22147.5,22335.7,175309.211
1274,2023-03-05,22335.8,22650.0,22174.9,22419.4,282261.745
1275,2023-03-06,22419.3,22594.5,22240.1,22397.1,298976.397
1276,2023-03-07,22397.1,22550.0,21908.0,22187.1,548494.099
1277,2023-03-08,22187.1,22276.4,21540.5,21695.4,547867.967
1278,2023-03-09,21695.3,21823.0,20003.5,20348.3,951903.36
1279,2023-03-10,20348.4,20351.8,19521.6,20140.3,1238135.265
1280,2023-03-11,20140.3,20674.5,19752.5,20447.3,753479.558
1281,2023-03-12,20447.3,22184.0,20262.2,21986.2,881522.402
1282,2023-03-13,21986.2,24517.2,21804.0,24119.5,1534982.176
1283,2023-03-14,24119.5,26489.9,23951.0,24682.5,1572562.635
1284,2023-03-15,24682.5,25200.0,23888.0,24288.0,1102056.429
1285,2023-03-16,24287.9,25167.9,24120.5,24990.4,735446.946
1286,2023-03-17,24990.5,27763.4,24875.3,27384.0,1341159.064
1287,2023-03-18,27383.9,27726.4,26555.5,26907.0,740232.316
1288,2023-03-19,26907.0,28397.0,26815.9,27955.7,759367.078
1289,2023-03-20,27955.8,28483.2,27120.6,27704.1,937223.448
1290,2023-03-21,27704.1,28460.0,27288.0,28091.1,685487.714
1291,2023-03-22,28091.1,28881.0,26590.0,27233.8,1080393.27
1292,2023-03-23,27233.8,28777.0,27101.0,28284.1,808174.047
1293,2023-03-24,28284.0,28369.1,26960.0,27438.9,696075.37
1294,2023-03-25,27439.0,27788.0,27131.8,27447.3,335674.055
1295,2023-03-26,27447.2,28186.9,27400.0,27954.3,399756.985
1296,2023-03-27,27954.3,28019.4,26480.0,27112.0,642434.822
1297,2023-03-28,27112.0,27500.0,26610.0,27249.7,585080.772
1298,2023-03-29,27249.7,28649.9,27223.6,28338.5,655852.971
1299,2023-03-30,28338.6,29184.8,27654.1,28015.0,770966.1
1300,2023-03-31,28015.0,28675.3,27500.0,28454.9,611557.29
1301,2023-04-01,28454.8,28845.3,28180.0,28443.8,256487.222
1302,2023-04-02,28443.7,28516.5,27820.0,28161.2,316658.67
1303,2023-04-03,28161.3,28540.0,27166.0,27786.1,741665.563
1304,2023-04-04,27786.1,28450.0,27650.2,28155.2,432370.612
1305,2023-04-05,28155.1,28800.0,27775.0,28154.0,543712.838
1306,2023-04-06,28154.0,28175.0,27684.2,28022.8,355916.782
1307,2023-04-07,28022.9,28096.0,27755.0,27890.7,219250.178
1308,2023-04-08,27890.7,28153.6,27850.1,27924.9,159129.56
1309,2023-04-09,27924.9,28539.1,27762.8,28309.4,305861.88
1310,2023-04-10,28309.4,29840.0,28153.6,29623.1,580061.925
1311,2023-04-11,29623.1,30564.0,29573.9,30185.1,628978.491
1312,2023-04-12,30185.1,30480.0,29620.0,29875.0,563668.43
1313,2023-04-13,29874.9,30648.9,29836.7,30362.7,436182.494
1314,2023-04-14,30362.7,31059.0,29925.0,30453.1,615391.615
1315,2023-04-15,30453.0,30599.9,30186.0,30280.4,180234.082
1316,2023-04-16,30280.4,30560.0,30102.0,30286.6,210226.019
1317,2023-04-17,30286.6,30307.4,29219.9,29420.0,455518.548
1318,2023-04-18,29420.1,30480.0,29078.1,30365.8,533189.27
1319,2023-04-19,30365.8,30410.0,28557.3,28795.1,643866.11
1320,2023-04-20,28795.0,29078.0,27983.0,28229.9,639179.286
1321,2023-04-21,28229.9,28368.9,27100.0,27252.5,687832.833
1322,2023-04-22,27252.6,27888.0,27126.0,27807.2,345549.021
1323,2023-04-23,27807.2,27807.3,27279.7,27576.0,332082.355
1324,2023-04-24,27575.9,28000.0,26919.3,27497.5,581268.268
1325,2023-04-25,27497.4,28379.9,27176.6,28286.7,508254.515
1326,2023-04-26,28286.7,30048.2,27200.0,28395.9,1284924.668
1327,2023-04-27,28396.0,29898.0,28365.3,29459.0,952584.739
1328,2023-04-28,29459.0,29591.1,28870.0,29300.0,508350.155
1329,2023-04-29,29300.0,29443.9,29000.4,29212.7,218013.244
1330,2023-04-30,29212.7,29950.0,29067.4,29223.0,417798.846
1331,2023-05-01,29223.0,29325.5,27650.0,28054.4,624974.488
1332,2023-05-02,28054.5,28888.0,27854.0,28656.5,513546.269
1333,2023-05-03,28656.4,29258.4,28080.0,29018.4,676466.23
1334,2023-05-04,29018.4,29380.0,28660.0,28826.0,426425.584
1335,2023-05-05,28826.0,29693.0,28618.3,29491.5,578485.177
1336,2023-05-06,29491.5,29840.0,28333.0,28837.8,475628.901
1337,2023-05-07,28837.9,29137.0,28370.0,28419.4,308410.643
1338,2023-05-08,28419.5,28624.6,27250.0,27659.8,658188.777
1339,2023-05-09,27659.8,27815.6,27316.8,27610.2,367664.686
1340,2023-05-10,27610.2,28297.0,26666.6,27582.9,722502.676
1341,2023-05-11,27583.0,27630.0,26688.8,26956.4,538822.363
1342,2023-05-12,26956.4,27090.0,25751.0,26785.1,615645.508
1343,2023-05-13,26785.2,27051.5,26674.9,26762.7,242694.929
1344,2023-05-14,26762.8,27200.0,26557.0,26901.9,247579.427
1345,2023-05-15,26901.9,27650.0,26694.4,27152.5,450263.076
1346,2023-05-16,27152.5,27284.7,26832.0,27024.8,373172.951
1347,2023-05-17,27024.7,27500.0,26527.5,27395.8,490065.218
1348,2023-05-18,27395.7,27482.7,26335.3,26809.3,544971.979
1349,2023-05-19,26809.4,27180.0,26611.2,26870.1,324097.956
1350,2023-05-20,26870.1,27144.4,26813.5,27089.5,137515.354
1351,2023-05-21,27089.6,27288.0,26642.0,26732.8,238776.425
1352,2023-05-22,26732.8,27097.8,26500.0,26840.2,328030.52
1353,2023-05-23,26840.2,27527.5,26782.6,27209.9,369176.618
1354,2023-05-24,27209.9,27212.9,26060.0,26313.8,535191.677
1355,2023-05-25,26313.9,26644.0,25850.0,26461.8,394535.225
1356,2023-05-26,26461.7,26925.0,26313.9,26689.9,324475.546
1357,2023-05-27,26689.8,26890.0,26528.6,26841.6,163681.935
1358,2023-05-28,26841.6,28252.8,26746.0,28055.7,440115.394
1359,2023-05-29,28055.8,28442.0,27513.5,27722.0,411290.549
1360,2023-05-30,27722.1,28038.6,27530.0,27680.1,334379.313
1361,2023-05-31,27680.0,27825.0,26826.0,27201.1,471381.89
1362,2023-06-01,27201.1,27347.9,26600.0,26805.3,404787.572
1363,2023-06-02,26805.3,27290.0,26477.6,27227.8,391110.093
1364,2023-06-03,27227.8,27340.2,26900.0,27054.9,182464.1
1365,2023-06-04,27054.9,27460.0,26935.3,27102.4,218271.544
1366,2023-06-05,27102.4,27125.0,25360.1,25714.7,700502.548
1367,2023-06-06,25714.6,27358.1,25321.6,27221.5,731445.649
1368,2023-06-07,27221.5,27394.4,26111.0,26325.9,660044.537
1369,2023-06-08,26325.9,26800.0,26195.4,26485.9,333104.839
1370,2023-06-09,26486.0,26775.0,26236.0,26468.1,283719.198
1371,2023-06-10,26468.2,26525.0,25300.0,25826.6,608917.569
1372,2023-06-11,25826.6,26199.0,25621.3,25909.9,279365.563
1373,2023-06-12,25910.0,26097.7,25600.0,25894.8,298900.468
1374,2023-06-13,25894.8,26430.5,25708.0,25918.0,434536.754
1375,2023-06-14,25918.0,26099.3,24796.8,25115.9,464681.602
1376,2023-06-15,25115.9,25750.0,24777.0,25586.1,473971.375
1377,2023-06-16,25586.0,26526.9,25142.1,26336.0,533144.956
1378,2023-06-17,26335.9,26900.0,26170.8,26508.9,305738.396
1379,2023-06-18,26508.8,26709.4,26230.9,26329.7,241977.484
1380,2023-06-19,26329.6,27077.0,26241.2,26828.5,400533.758
1381,2023-06-20,26828.6,28397.8,26633.9,28290.6,758176.297
1382,2023-06-21,28290.7,30822.0,28236.4,29988.5,1123474.427
1383,2023-06-22,29988.5,30488.0,29500.1,29875.0,561051.742
1384,2023-06-23,29875.0,31500.0,29792.0,30673.4,699073.071
1385,2023-06-24,30673.5,30796.5,30222.0,30524.2,279539.288
1386,2023-06-25,30524.2,31053.2,30252.6,30458.0,301533.154
1387,2023-06-26,30458.0,30667.3,29890.1,30260.1,415099.356
1388,2023-06-27,30260.1,30998.5,30213.0,30683.2,406073.348
1389,2023-06-28,30683.2,30701.8,29804.6,30066.3,416656.434
1390,2023-06-29,30066.3,30837.0,30036.1,30439.9,382072.846
1391,2023-06-30,30439.9,31300.0,29500.0,30460.2,809331.305
1392,2023-07-01,30460.2,30668.2,30311.3,30573.6,135520.246
1393,2023-07-02,30573.6,30800.0,30149.9,30612.7,231866.188
1394,2023-07-03,30612.7,31395.2,30559.4,31149.0,370293.236
1395,2023-07-04,31149.0,31319.4,30600.0,30756.1,300832.26
1396,2023-07-05,30756.1,30875.2,30175.8,30488.4,294896.578
1397,2023-07-06,30488.4,31568.0,29818.0,29874.4,721267.219
1398,2023-07-07,29874.3,30443.6,29680.0,30327.9,337801.654
1399,2023-07-08,30328.0,30380.0,30026.8,30269.3,138734.493
1400,2023-07-09,30269.2,30443.4,30042.0,30147.8,162296.263
1401,2023-07-10,30147.8,31040.0,29928.8,30396.9,429115.537
1402,2023-07-11,30396.9,30804.9,30261.4,30608.4,298904.747
1403,2023-07-12,30608.3,30980.5,30186.0,30368.9,425058.257
1404,2023-07-13,30368.9,31850.0,30233.0,31441.7,696023.51
1405,2023-07-14,31441.6,31640.0,29876.6,30293.3,538692.246
1406,2023-07-15,30293.3,30380.0,30220.2,30276.4,111622.474
1407,2023-07-16,30276.5,30441.6,30050.0,30216.8,173805.94
1408,2023-07-17,30216.9,30329.7,29630.0,30126.1,344113.427
1409,2023-07-18,30126.0,30227.5,29400.0,29845.6,337396.417
1410,2023-07-19,29845.7,30178.5,29745.0,29895.5,298418.854
1411,2023-07-20,29895.5,30420.0,29468.8,29791.0,410263.764
1412,2023-07-21,29791.0,30056.2,29705.9,29891.4,221145.074
1413,2023-07-22,29891.5,29986.0,29602.2,29783.5,143375.956
1414,2023-07-23,29783.5,30368.2,29718.9,30070.8,224713.846
1415,2023-07-24,30070.9,30091.7,28830.0,29163.8,434182.417
1416,2023-07-25,29163.8,29379.5,29033.0,29216.3,196438.618
1417,2023-07-26,29216.2,29670.5,29083.0,29336.0,318527.582
1418,2023-07-27,29336.0,29558.4,29065.5,29209.7,223376.534
1419,2023-07-28,29209.8,29535.7,29112.8,29299.9,221299.867
1420,2023-07-29,29300.0,29397.9,29237.5,29339.1,87100.719
1421,2023-07-30,29339.1,29442.5,29006.0,29271.1,169901.253
1422,2023-07-31,29271.2,29525.8,29100.0,29220.8,230381.722
1423,2023-08-01,29220.8,29735.0,28550.0,29701.2,442328.643
1424,2023-08-02,29701.2,30059.9,28906.3,29170.1,491725.492
1425,2023-08-03,29170.2,29440.0,28955.4,29180.2,251967.942
1426,2023-08-04,29180.1,29323.8,28780.0,29101.1,229395.673
1427,2023-08-05,29101.1,29145.0,28960.0,29057.7,82508.624
1428,2023-08-06,29057.7,29199.0,28978.5,29075.9,103094.44
1429,2023-08-07,29075.9,29274.5,28682.3,29202.7,297752.439
1430,2023-08-08,29202.7,30250.0,29132.4,29759.0,459269.801
1431,2023-08-09,29758.9,30149.7,29362.0,29572.8,362009.701
1432,2023-08-10,29572.9,29729.8,29303.7,29443.7,234546.038
1433,2023-08-11,29443.7,29565.1,29220.0,29415.5,179044.008
1434,2023-08-12,29415.5,29470.0,29360.0,29420.7,56238.035
1435,2023-08-13,29420.8,29463.0,29256.6,29293.3,84190.505
1436,2023-08-14,29293.3,29686.7,29070.0,29419.5,295035.383
1437,2023-08-15,29419.5,29492.1,29050.0,29188.8,191289.959
1438,2023-08-16,29188.9,29257.4,28705.1,28714.4,272023.138
1439,2023-08-17,28714.4,28775.9,24581.0,26609.7,868508.22
1440,2023-08-18,26609.7,26818.0,25600.0,26042.1,522375.316
1441,2023-08-19,26042.0,26269.4,25783.4,26088.3,202219.153
1442,2023-08-20,26088.4,26285.0,25948.5,26175.9,141089.85
1443,2023-08-21,26175.9,26280.0,25800.0,26115.4,232505.265
1444,2023-08-22,26115.4,26128.2,25280.0,26044.4,313113.576
1445,2023-08-23,26044.5,26806.0,25800.0,26419.2,412969.028
1446,2023-08-24,26419.2,26568.3,25835.0,26164.6,286753.337
1447,2023-08-25,26164.6,26300.0,25754.4,26051.7,274830.494
1448,2023-08-26,26051.7,26129.4,25969.0,26004.3,63925.862
1449,2023-08-27,26004.3,26173.6,25955.6,26087.7,86505.398
1450,2023-08-28,26087.6,26244.6,25850.4,26106.5,219992.051
1451,2023-08-29,26106.5,28168.0,25905.2,27700.1,700233.946
1452,2023-08-30,27700.1,27758.2,26950.0,27290.4,315313.916
1453,2023-08-31,27290.4,27674.3,25617.8,25928.0,502906.277
1454,2023-09-01,25928.0,26151.6,25312.0,25795.6,361184.924
1455,2023-09-02,25795.6,25975.0,25740.6,25855.8,107642.864
1456,2023-09-03,25855.8,26135.2,25777.0,25962.1,133016.832
1457,2023-09-04,25962.1,26099.3,25610.0,25814.0,173147.873
1458,2023-09-05,25814.0,25900.0,25531.2,25779.7,186639.945
1459,2023-09-06,25779.7,26052.0,25326.0,25747.4,251122.66
1460,2023-09-07,25747.4,26451.0,25602.3,26240.7,257349.902
1461,2023-09-08,26240.7,26437.5,25630.0,25899.8,249269.761
1462,2023-09-09,25899.9,25940.6,25781.5,25892.6,67909.81
1463,2023-09-10,25892.6,26037.3,25508.7,25828.4,162972.413
1464,2023-09-11,25828.4,25895.0,24888.0,25150.4,427216.374
1465,2023-09-12,25150.4,26580.0,25116.4,25825.8,592049.678
1466,2023-09-13,25825.8,26400.0,25750.0,26209.9,335252.718
1467,2023-09-14,26209.9,26880.0,26106.6,26510.3,380666.471
1468,2023-09-15,26510.3,26890.0,26206.6,26591.1,251656.77
1469,2023-09-16,26591.1,26763.5,26430.0,26546.9,140482.465
1470,2023-09-17,26547.0,26614.3,26377.4,26514.2,114239.394
1471,2023-09-18,26514.2,27397.0,26358.6,26749.9,472539.032
1472,2023-09-19,26749.9,27480.0,26653.2,27196.0,433511.747
1473,2023-09-20,27195.9,27381.0,26740.0,27107.7,348921.447
1474,2023-09-21,27107.7,27149.0,26360.1,26552.6,317992.869
1475,2023-09-22,26552.6,26737.7,26452.9,26566.7,173534.648
1476,2023-09-23,26566.7,26620.6,26492.2,26563.1,57836.484
1477,2023-09-24,26563.0,26739.9,26081.0,26232.4,146632.773
1478,2023-09-25,26232.4,26440.0,25965.0,26290.5,268385.836
1479,2023-09-26,26290.5,26388.0,26073.8,26208.8,180491.169
1480,2023-09-27,26208.7,26849.9,26050.0,26359.6,353002.84
1481,2023-09-28,26359.6,27308.7,26325.2,27011.8,429587.858
1482,2023-09-29,27011.7,27231.5,26625.0,26890.9,277397.643
1483,2023-09-30,26890.9,27085.0,26870.4,26950.9,92317.154
1484,2023-10-01,26951.0,28365.2,26939.0,27981.4,240382.946
1485,2023-10-02,27981.4,28613.0,27255.0,27477.6,593277.72
1486,2023-10-03,27477.7,27665.0,27123.0,27412.0,283077.899
1487,2023-10-04,27412.0,27830.0,27163.9,27759.8,280784.322
1488,2023-10-05,27759.7,28110.0,27333.5,27398.4,370190.087
1489,2023-10-06,27398.3,28450.0,27156.0,27916.3,438445.904
1490,2023-10-07,27916.3,28018.7,27822.1,27943.0,117049.145
1491,2023-10-08,27943.0,28082.0,27671.0,27901.2,178380.307
1492,2023-10-09,27901.2,27977.0,27250.0,27578.3,314316.581
1493,2023-10-10,27578.4,27727.3,27281.0,27381.2,239779.496
1494,2023-10-11,27381.3,27467.6,26525.0,26864.5,388186.571
1495,2023-10-12,26864.5,26939.0,26534.8,26744.0,220279.04
1496,2023-10-13,26744.0,27120.8,26670.1,26849.8,243222.154
1497,2023-10-14,26849.7,26986.4,26773.1,26836.3,82164.781
1498,2023-10-15,26836.4,27456.1,26790.4,27139.8,160000.462
1499,2023-10-16,27139.8,30720.0,27095.4,28486.3,823003.782
1500,2023-10-17,28486.3,28605.0,28055.0,28381.9,314189.758
1501,2023-10-18,28382.0,29100.0,28126.6,28307.1,297176.628
1502,2023-10-19,28307.2,28933.4,28076.0,28696.9,333673.207
1503,2023-10-20,28697.0,30243.0,28560.0,29653.0,551005.327
1504,2023-10-21,29653.0,30374.6,29443.5,29895.4,258195.956
1505,2023-10-22,29895.4,30229.7,29606.6,29981.5,198602.758
1506,2023-10-23,29981.4,35981.9,29869.4,33074.0,987741.536
1507,2023-10-24,33074.0,35300.0,32833.5,33917.0,921993.063
1508,2023-10-25,33917.0,35154.3,33660.6,34487.7,465367.144
1509,2023-10-26,34487.8,34828.7,33750.0,34154.0,339552.964
1510,2023-10-27,34154.0,34253.3,33350.0,33893.1,278052.978
1511,2023-10-28,33893.2,34535.8,33867.4,34086.6,138314.932
1512,2023-10-29,34086.7,34773.8,33933.0,34528.6,175897.55
1513,2023-10-30,34528.6,34888.2,34050.0,34483.8,281841.348
1514,2023-10-31,34483.8,34744.7,34016.8,34651.4,272450.567
1515,2023-11-01,34651.4,35734.0,34076.0,35437.4,469214.787
1516,2023-11-02,35437.5,35999.9,34300.0,34940.1,410221.727
1517,2023-11-03,34940.1,34944.9,34123.0,34700.4,306048.199
1518,2023-11-04,34700.5,35270.0,34571.6,35069.7,140746.874
1519,2023-11-05,35069.7,35455.2,34356.0,35025.5,231363.339
1520,2023-11-06,35025.5,35299.9,34743.2,35057.4,202227.215
1521,2023-11-07,35057.5,35921.7,34520.3,35406.5,343525.95
1522,2023-11-08,35406.5,36150.0,35073.0,35626.7,334779.449
1523,2023-11-09,35626.7,38499.9,35304.0,36719.5,778877.937
1524,2023-11-10,36719.6,37570.0,36350.0,37330.4,299373.892
1525,2023-11-11,37330.3,37422.2,36588.0,37162.1,159239.284
1526,2023-11-12,37162.1,37258.4,36753.6,37085.5,118890.045
1527,2023-11-13,37085.6,37464.8,36350.0,36486.2,257075.648
1528,2023-11-14,36486.2,36779.9,34446.3,35559.0,397265.8
1529,2023-11-15,35559.1,38000.0,35388.0,37885.6,423818.57
1530,2023-11-16,37885.5,37956.5,35486.1,36176.0,434444.366
1531,2023-11-17,36176.0,37020.5,35868.3,36621.9,319943.051
1532,2023-11-18,36621.9,36900.0,36196.0,36580.9,121720.922
1533,2023-11-19,36580.9,37528.2,36380.0,37375.9,154713.007
1534,2023-11-20,37375.8,37784.7,36600.0,37462.5,310504.037
1535,2023-11-21,37462.6,37675.0,35720.0,35737.0,450731.16
1536,2023-11-22,35737.0,37880.0,35610.7,37413.4,338189.618
1537,2023-11-23,37413.5,37650.0,36856.3,37294.3,185369.931
1538,2023-11-24,37294.4,38425.0,37257.3,37706.3,351031.723
1539,2023-11-25,37706.3,37886.5,37570.9,37766.6,82589.329
1540,2023-11-26,37766.7,37807.6,37126.0,37437.9,173758.644
1541,2023-11-27,37437.9,37560.0,36700.0,37234.3,266112.699
1542,2023-11-28,37234.4,38395.0,36856.0,37812.1,318426.327
1543,2023-11-29,37812.0,38500.0,37551.8,37837.1,261631.881
1544,2023-11-30,37837.2,38132.0,37442.9,37716.8,191188.871
1545,2023-12-01,37716.9,38989.0,37600.0,38660.0,342361.994
1546,2023-12-02,38659.9,39900.0,38613.5,39435.0,213210.311
1547,2023-12-03,39435.1,40410.1,39255.2,39979.7,221917.905
1548,2023-12-04,39979.8,42440.0,39970.4,41993.1,602492.859
1549,2023-12-05,41993.1,44528.1,41393.5,44081.7,575038.041
1550,2023-12-06,44081.7,44349.8,43377.0,43774.8,383957.738
1551,2023-12-07,43775.1,44066.7,42815.0,43296.0,346421.958
1552,2023-12-08,43296.0,44779.3,43100.0,44209.5,281880.593
1553,2023-12-09,44209.6,44389.2,43555.0,43734.3,189339.656
1554,2023-12-10,43734.2,44099.2,43552.5,43810.0,144548.259
1555,2023-12-11,43810.1,43833.4,40228.3,41271.0,620753.439
1556,2023-12-12,41271.1,42125.0,40711.0,41515.0,356541.118
1557,2023-12-13,41514.9,43517.6,40556.0,42875.0,396710.296
1558,2023-12-14,42875.0,43450.1,41140.0,43032.4,361628.325
1559,2023-12-15,43032.3,43098.0,41668.0,41968.0,257177.013
1560,2023-12-16,41968.0,42756.7,41638.1,42287.4,160549.459
1561,2023-12-17,42287.4,42476.0,41248.3,41396.5,224722.851
1562,2023-12-18,41396.6,42795.3,40553.8,42671.7,375385.675
1563,2023-12-19,42671.8,43550.0,41835.4,42298.3,315311.844
1564,2023-12-20,42298.2,44384.6,42218.3,43708.9,377008.923
1565,2023-12-21,43708.9,44287.2,43317.2,43896.3,276922.155
1566,2023-12-22,43896.4,44484.0,43430.4,43999.2,238341.933
1567,2023-12-23,43999.2,44023.0,43304.2,43725.2,120792.199
1568,2023-12-24,43725.2,43994.8,42550.0,43008.4,179967.251
1569,2023-12-25,43008.4,43850.0,42755.4,43611.9,184210.274
1570,2023-12-26,43611.9,43635.1,41597.0,42538.5,295583.678
1571,2023-12-27,42538.6,43700.0,42145.7,43453.8,251351.538
1572,2023-12-28,43453.8,43850.0,42320.5,42600.1,257515.182
1573,2023-12-29,42600.1,43171.9,41283.2,42095.1,337421.865
1574,2023-12-30,42095.1,42654.6,41550.0,42174.2,183890.67
1575,2023-12-31,42174.3,42951.0,42001.0,42314.0,173508.289
1576,2024-01-01,42314.0,44266.0,42207.9,44230.2,206424.144
